path,bytes,sha256,registry_source
.gitattributes,261,95b5599d12acb84b11067c34afd857a20d38e8c49202979599ccef635939d393,GENERATED:BuildDeposit
.gitignore,3850,7b9c72b2142ec691b01b1f85b90916014a4f9baf7ee2b3152d2f7224e1e68386,GENERATED:BuildDeposit
01_Data/03_Reference/LCA-FCDI_D01_Reference_FlowDictionary_v01.csv,16251,ac21aa8ae027a7869a46b2e77ac78a7c10d6448edf990965ac6dec668812d907,IN:flows
01_Data/03_Reference/LCA-FCDI_D01_Reference_TRACIFactorsDummy_v01.csv,38501,0a0ab0628524659b983e63b0393cd9d2457b5043c407f7c9eeff19aedf968326,IN:factors_dummy
01_Data/03_Reference/LCA-FCDI_D01_Reference_TRACIFactorsTemplate_v01.csv,37691,acbd6f7686482816507289311cf825b7dfa672d7742c88daef787ce60373e19f,IN:factors_template
01_Data/03_Reference/LCA-FCDI_D02_Reference_EquipmentGeneral_v02.csv,5767,18e8cdb2aa3fabcfaa4e235d453649f21fb94047f65a3a66508953b7d83a22ea,IN:equipment_general
01_Data/03_Reference/LCA-FCDI_D02_Reference_Influent_v01.csv,486,80b4e0abaa42e94c16029c1c7786e3874183779bc98b08152cc5eeb5bde43044,IN:influent
01_Data/03_Reference/LCA-FCDI_D02_Reference_Materials_v01.csv,4863,0aa652c820fd95bb382e8ea34597f321ac20d0c5c794e0ecbf85bc632e2a8659,IN:materials
01_Data/03_Reference/LCA-FCDI_D02_Reference_Prices_v01.csv,4541,efc4d1038c85dd2b47e6372c49f23728869215c703cad267776b40c821ca26d6,IN:prices
01_Data/03_Reference/LCA-FCDI_D02_Reference_ProcessAssumptions_v03.csv,15396,903f9777b4fa734b2bc463e2fb6b96d574989b7842324049eceb0a0d371657d2,IN:process_assumptions
01_Data/03_Reference/LCA-FCDI_D02_Reference_TEAInputs_v01.csv,5342,d2f07d32f5f1502883d62adef1000f16f13fd9acedcda414391c7c75e97c565f,IN:tea_inputs
01_Data/03_Reference/LCA-FCDI_D02_Reference_UnitConversions_v01.csv,2091,dd31221b6b4eed7bc7109419b43e907482ffd03f957806ef153a41c6d9e5701d,IN:unit_conversions
01_Data/03_Reference/LCA-FCDI_D03_Reference_CentrifugeCatalogue_v01.csv,1000,7589e11fac8e3c7fbeb52715788ecaf976682de8c33e7f68a9ba31b36ddcf826,IN:centrifuges
01_Data/03_Reference/LCA-FCDI_D03_Reference_ECMixerCatalogue_v01.csv,925,8c6cd08dc85059672cfb266423432ba7ade3d957267c9cdbb8e351c2009e7643,IN:ec_mixers
01_Data/03_Reference/LCA-FCDI_D03_Reference_PumpCatalogue_v01.csv,1417,6aaa5bf8967277e9163244d0bacd81fd902ea50e69ef33199b8b440bebeb880d,IN:pumps
01_Data/03_Reference/LCA-FCDI_D03_Reference_ScreenCatalogue_v01.csv,264,0efe4db6f859e0cb9092635f735f9c75f4d02554572f4fa1c1a1316d74583a20,IN:screens
01_Data/03_Reference/LCA-FCDI_D04_Reference_ElectrocultivationInventory_v01.csv,5127,a7f03f2ed1793fca07b47c696d513f1a2bb98f64d3373880f201b52bfd86e415,IN:electrocultivation
01_Data/03_Reference/LCA-FCDI_D04_Reference_ForegroundProcesses_v01.csv,1702,62944689c94f4ef5ca4ee30c4cffae064745c0487dc3679ee6bcb773ec7af5f2,IN:foreground_processes
01_Data/03_Reference/LCA-FCDI_D04_Reference_TRACINormalizationUS2008_v01.csv,1184,749d4df38c0104c4ff11085ce06aa8e5be92ee6deb18e2d9b78fe31899add507,IN:normalization
01_Data/03_Reference/LCA-FCDI_D05_Reference_ElectronPartitioning_v01.csv,3843,45d6a4b9c94e3659b28048c77daaf8f361278e92953f0f09373ca3c74748a997,IN:electron_partitioning
01_Data/03_Reference/LCA-FCDI_D06_Reference_ScenarioDefinitions_v03.yaml,10135,40c41727609ee00af0e09a3c05d52bfc180d5305f2e6611f4a6554cc9b98a142,IN:scenarios
01_Data/03_Reference/LCA-FCDI_D07_Reference_SamplingSettings_v01.csv,3199,4e3f8c3e07d4bb7bbb4ce06ea0a28de0fac0129e3f04dc27e3511a1043bf2a77,IN:sampling
01_Data/03_Reference/LCA-FCDI_D07_Reference_UncertaintyDistributions_v03.csv,6152,bf8b308cf3fba7530e1be5e8451a1fed03bfe99e240166ad3d7cb15c76185dd1,IN:uncertainty
01_Data/03_Reference/LCA-FCDI_D08_Reference_CPIU_v01.csv,2566,b8273253d4805efe1dc57cad18882c9011f6ff3488618c5a82e7eaa1e4f9956c,IN:cpi
01_Data/03_Reference/LCA-FCDI_D08_Reference_LiteratureBenchmarks_v02.csv,60007,6edb855f3015f1bae8a3ba6915c4f54a131b73791beaeea4f1fdc8ae0a33fa8b,IN:literature_benchmarks
01_Data/03_Reference/LCA-FCDI_D08_Reference_SeTreatmentBenchmarks_v02.csv,7675,3a34a8c3049dd734bfc0fafb9a00f23393a5aa0b8ae7ed6d25fe799d088c9b9a,IN:benchmarks
01_Data/03_Reference/LCA-FCDI_D09_Reference_ScaleUpLossLedger_v02.csv,11108,92d7a5fb6461358d8518b40c5367b795d049c31ae267d6ff52ec291e520f0e98,IN:scaleup_ledger
02_Analysis_Code/LCA-FCDI_D01-D08_RunAll.py,33897,3f15e40bbba989557a7ba55e1b21e6068ae606ce600b086fbaa6ca13c1e9cfc3,CODE:run_all
02_Analysis_Code/fcdibes/__init__.py,0,e3b0c44298fc1c149afbf4c8996fb92427ae41e4649b934ca495991b7852b855,PACKAGE:fcdibes/__init__.py
02_Analysis_Code/fcdibes/analysis/__init__.py,0,e3b0c44298fc1c149afbf4c8996fb92427ae41e4649b934ca495991b7852b855,PACKAGE:fcdibes/analysis/__init__.py
02_Analysis_Code/fcdibes/analysis/_runner.py,1602,fa51d19065ea8d4c59395043903b698979d90297fb86a95401ba4ef920ce964f,PACKAGE:fcdibes/analysis/_runner.py
02_Analysis_Code/fcdibes/analysis/axes.py,5699,25fe8726f0b7c459aec18a8872a81010a9938e606ecbae2e9ca422357719631d,PACKAGE:fcdibes/analysis/axes.py
02_Analysis_Code/fcdibes/analysis/benchmarks.py,17774,0b3586f86af27708e5ffbcdb05c863d9a1e24757d873c2f675be3aaff8df0993,PACKAGE:fcdibes/analysis/benchmarks.py
02_Analysis_Code/fcdibes/analysis/conditions.py,7665,d548ef2a8d5b24b48aa3ed89ef71b43fbf64ce819eb8934be471542f38591d35,PACKAGE:fcdibes/analysis/conditions.py
02_Analysis_Code/fcdibes/analysis/grid.py,6167,d55feec81937ff503a3ffa5dfbce1c08bb05dfc09ac2ef5e9dbf49484191e477,PACKAGE:fcdibes/analysis/grid.py
02_Analysis_Code/fcdibes/analysis/ledger.py,19626,e45795f452f6050e672193f9e17b3894a14fe97dc858d5a829b70a878f71a99b,PACKAGE:fcdibes/analysis/ledger.py
02_Analysis_Code/fcdibes/analysis/scaling.py,5789,ee79f58222c319fce32efc204b9ee9373b9012073c493e23bf60ff35550044ad,PACKAGE:fcdibes/analysis/scaling.py
02_Analysis_Code/fcdibes/analysis/sensitivity.py,7807,f746867d0d6e6ba3474fdc01fe8e8400582a5af5b80e20bbf3d3ea60d3714347,PACKAGE:fcdibes/analysis/sensitivity.py
02_Analysis_Code/fcdibes/analysis/targets.py,15479,7d33b415c158b160713a1cd833812306d31a1edd29e1ebb587df3f9ae87dc619,PACKAGE:fcdibes/analysis/targets.py
02_Analysis_Code/fcdibes/analysis/uncertainty.py,9824,f67a18c53fc42b5d3d0ae9589bcff430c2cbf960a3ddc31e0e22a4fcc3fdb47c,PACKAGE:fcdibes/analysis/uncertainty.py
02_Analysis_Code/fcdibes/config.py,1892,c80c275820cb8e4e90f341a3b1058e82e5804c853f3a1a15f8fb6eb76bd6722a,PACKAGE:fcdibes/config.py
02_Analysis_Code/fcdibes/correlations.py,4150,750c515c179319ca5ac901cf0fa65d32bff80ecec5e82dcc68cbf6336c664071,PACKAGE:fcdibes/correlations.py
02_Analysis_Code/fcdibes/datalayer.py,72035,cc33c9c76b0f88a7aed80893e4945f5b999529b29d4af44c26c6df8e6e6cb591,PACKAGE:fcdibes/datalayer.py
02_Analysis_Code/fcdibes/inventory.py,15124,3ed74438bca754dbcbdc61d11fb71da85afcb4abebe28a5bfde56e76afffb5d8,PACKAGE:fcdibes/inventory.py
02_Analysis_Code/fcdibes/io.py,15863,3f8cd92f61154096fbb9ff755bd6e6480d4b25a1115436410c85280bb147c7fa,PACKAGE:fcdibes/io.py
02_Analysis_Code/fcdibes/lca.py,8744,e547d02fbdb6725e866011ffd8ee71a11d052026c071cb680c28ee9a39d6f82f,PACKAGE:fcdibes/lca.py
02_Analysis_Code/fcdibes/model.py,6404,109757ae27136d2b7fae25b1096290eb640166fa9fe25a5f706291861d572437,PACKAGE:fcdibes/model.py
02_Analysis_Code/fcdibes/params.py,6934,c0eb816b3f92c76cb6ba8f42fc1a1e32509d064bb858e609948553c073cfcfec,PACKAGE:fcdibes/params.py
02_Analysis_Code/fcdibes/streams.py,1165,c9cc50bb923448b7448bdaac31eb56a5e06e64b049b515421f0e7a51f4834ea6,PACKAGE:fcdibes/streams.py
02_Analysis_Code/fcdibes/system.py,6724,4010d7483115d69aca03105717aba8cefcfde7be814ba94bd4f7c2def5734171,PACKAGE:fcdibes/system.py
02_Analysis_Code/fcdibes/tea.py,9689,2a40dcf7e068742b3e3548ddbcd3a072bf5a6563653b8d49890335e00b1ec054,PACKAGE:fcdibes/tea.py
02_Analysis_Code/fcdibes/unitops.py,31997,732a3ad93af8c19e02147195c6d52feafc4766795e1cc5bb937a2a688247d651,PACKAGE:fcdibes/unitops.py
02_Analysis_Code/fcdibes/validation.py,88728,e676f037996231793b480ed56dd9e6927effced6ac5c54a48e9fd110747dc83a,PACKAGE:fcdibes/validation.py
CITATION.cff,931,b45234d8bafc11aae542a6ffc8885f1e14f1d81cbd7c3be99e1cc41031701cb1,GENERATED:BuildDeposit
LICENSE,1136,9e37a56117324c83b8d0955371b72422f146658024523ca0301ca5fd77e5eb40,REPO:license
LICENSE-DATA,2635,a9fb35d4d56298217cebd0112b887b0c7c0729c7c4971aafc4dc6f774ae458ef,GENERATED:BuildDeposit
README.md,16521,1bb503df4a7fe279b050a9fe4b59c7fb502dd8b8805755455376459150e72bc2,GENERATED:BuildDeposit
requirements.txt,414,7ff08cac99229ee69db356f0bc1ee53cfd14fbf91e72a228cc539b12ab5b7ef2,GENERATED:BuildDeposit
