study_key,technology,scale,assessment,functional_unit_as_reported,boundary_as_reported,metric,value_as_reported,unit_as_reported,dollar_year,harmonizable,harmonized_value,harmonized_unit,adjustments_made,not_harmonized_reason,source,source_locator,value_type,note
this_work,"FCDI-BES, base case = condition 3V (3 V, Se only), with stack and scale-up losses",modeled,both,1 m3 of FGD wastewater treated (10 mg/L each of selenate and selenite; pilot capacity 10 m3/h),"cradle to gate, with selenium recovery; end of life and polishing excluded",LCOW,,USD/m3 treated,2026,yes,,USD2026/m3,none (this study's basis),,"this work (scenario KPIs, 01_Data/02_Processed)","scenario base, include_recovery=True",,filled by RunAll; scenario=base; LCOT (levelized cost of treatment) compared as a levelized cost of water; model prices are of mixed vintage (2024-2026) and are not re-based
this_work,"FCDI-BES, base case = condition 3V (3 V, Se only), with stack and scale-up losses",modeled,both,1 m3 of FGD wastewater treated (10 mg/L each of selenate and selenite; pilot capacity 10 m3/h),"cradle to gate, with selenium recovery; end of life and polishing excluded",specific_energy,,kWh/m3 treated,,yes,,kWh/m3,none (this study's basis),,"this work (scenario KPIs, 01_Data/02_Processed)","scenario base, include_recovery=True",,filled by RunAll; scenario=base; total electricity per m3 treated
this_work,"FCDI-BES, base case = condition 3V (3 V, Se only), with stack and scale-up losses",modeled,both,1 m3 of FGD wastewater treated (10 mg/L each of selenate and selenite; pilot capacity 10 m3/h),"cradle to gate, with selenium recovery; end of life and polishing excluded",GWP,,kg CO2-eq/m3 treated,,yes,,kg CO2-eq/m3,none (this study's basis),,"this work (scenario KPIs, 01_Data/02_Processed)","scenario base, include_recovery=True",,"filled by RunAll; scenario=base; TRACI 2.1, ecoinvent 3.7 cut-off, US-SERC electricity"
this_work,"FCDI-BES, base case = condition 3V (3 V, Se only), with stack and scale-up losses",modeled,both,1 m3 of FGD wastewater treated (10 mg/L each of selenate and selenite; pilot capacity 10 m3/h),"cradle to gate, with selenium recovery; end of life and polishing excluded",other,,USD/kg Se recovered,2026,no,,,,per kg Se recovered: no literature value on this functional unit,"this work (scenario KPIs, 01_Data/02_Processed)","scenario base, include_recovery=True",,filled by RunAll; scenario=base; cost per kg Se recovered (KPI se_recovery_cost_usd_kg); model prices are of mixed vintage (2024-2026) and are not re-based
this_work,"FCDI-BES, base case = condition 3V (3 V, Se only), with stack and scale-up losses",modeled,both,1 m3 of FGD wastewater treated (10 mg/L each of selenate and selenite; pilot capacity 10 m3/h),"cradle to gate, with selenium recovery; end of life and polishing excluded",other,,kWh/kg Se recovered,,no,,,,per kg Se recovered: no literature value on this functional unit,"this work (scenario KPIs, 01_Data/02_Processed)","scenario base, include_recovery=True",,filled by RunAll; scenario=base; total electricity per kg Se recovered (KPI specific_energy_kWh_kg_se)
this_work,"FCDI-BES, 3V without stack and scale-up losses (laboratory-ideal)",modeled,both,1 m3 of FGD wastewater treated (10 mg/L each of selenate and selenite; pilot capacity 10 m3/h),"cradle to gate, with selenium recovery; end of life and polishing excluded",LCOW,,USD/m3 treated,2026,yes,,USD2026/m3,none (this study's basis),,"this work (scenario KPIs, 01_Data/02_Processed)","scenario lab_ideal, include_recovery=True",,filled by RunAll; scenario=lab_ideal; LCOT (levelized cost of treatment) compared as a levelized cost of water; model prices are of mixed vintage (2024-2026) and are not re-based
this_work,"FCDI-BES, 3V without stack and scale-up losses (laboratory-ideal)",modeled,both,1 m3 of FGD wastewater treated (10 mg/L each of selenate and selenite; pilot capacity 10 m3/h),"cradle to gate, with selenium recovery; end of life and polishing excluded",specific_energy,,kWh/m3 treated,,yes,,kWh/m3,none (this study's basis),,"this work (scenario KPIs, 01_Data/02_Processed)","scenario lab_ideal, include_recovery=True",,filled by RunAll; scenario=lab_ideal; total electricity per m3 treated
this_work,"FCDI-BES, 3V without stack and scale-up losses (laboratory-ideal)",modeled,both,1 m3 of FGD wastewater treated (10 mg/L each of selenate and selenite; pilot capacity 10 m3/h),"cradle to gate, with selenium recovery; end of life and polishing excluded",GWP,,kg CO2-eq/m3 treated,,yes,,kg CO2-eq/m3,none (this study's basis),,"this work (scenario KPIs, 01_Data/02_Processed)","scenario lab_ideal, include_recovery=True",,"filled by RunAll; scenario=lab_ideal; TRACI 2.1, ecoinvent 3.7 cut-off, US-SERC electricity"
this_work,"FCDI-BES, 3V without stack and scale-up losses (laboratory-ideal)",modeled,both,1 m3 of FGD wastewater treated (10 mg/L each of selenate and selenite; pilot capacity 10 m3/h),"cradle to gate, with selenium recovery; end of life and polishing excluded",other,,USD/kg Se recovered,2026,no,,,,per kg Se recovered: no literature value on this functional unit,"this work (scenario KPIs, 01_Data/02_Processed)","scenario lab_ideal, include_recovery=True",,filled by RunAll; scenario=lab_ideal; cost per kg Se recovered (KPI se_recovery_cost_usd_kg); model prices are of mixed vintage (2024-2026) and are not re-based
this_work,"FCDI-BES, 3V without stack and scale-up losses (laboratory-ideal)",modeled,both,1 m3 of FGD wastewater treated (10 mg/L each of selenate and selenite; pilot capacity 10 m3/h),"cradle to gate, with selenium recovery; end of life and polishing excluded",other,,kWh/kg Se recovered,,no,,,,per kg Se recovered: no literature value on this functional unit,"this work (scenario KPIs, 01_Data/02_Processed)","scenario lab_ideal, include_recovery=True",,filled by RunAll; scenario=lab_ideal; total electricity per kg Se recovered (KPI specific_energy_kWh_kg_se)
this_work,"FCDI-BES, condition 2V (2 V, Se only), with losses",modeled,both,1 m3 of FGD wastewater treated (10 mg/L each of selenate and selenite; pilot capacity 10 m3/h),"cradle to gate, with selenium recovery; end of life and polishing excluded",LCOW,,USD/m3 treated,2026,yes,,USD2026/m3,none (this study's basis),,"this work (scenario KPIs, 01_Data/02_Processed)","scenario cond_2v, include_recovery=True",,filled by RunAll; scenario=cond_2v; LCOT (levelized cost of treatment) compared as a levelized cost of water; model prices are of mixed vintage (2024-2026) and are not re-based
this_work,"FCDI-BES, condition 2V (2 V, Se only), with losses",modeled,both,1 m3 of FGD wastewater treated (10 mg/L each of selenate and selenite; pilot capacity 10 m3/h),"cradle to gate, with selenium recovery; end of life and polishing excluded",specific_energy,,kWh/m3 treated,,yes,,kWh/m3,none (this study's basis),,"this work (scenario KPIs, 01_Data/02_Processed)","scenario cond_2v, include_recovery=True",,filled by RunAll; scenario=cond_2v; total electricity per m3 treated
this_work,"FCDI-BES, condition 2V (2 V, Se only), with losses",modeled,both,1 m3 of FGD wastewater treated (10 mg/L each of selenate and selenite; pilot capacity 10 m3/h),"cradle to gate, with selenium recovery; end of life and polishing excluded",GWP,,kg CO2-eq/m3 treated,,yes,,kg CO2-eq/m3,none (this study's basis),,"this work (scenario KPIs, 01_Data/02_Processed)","scenario cond_2v, include_recovery=True",,"filled by RunAll; scenario=cond_2v; TRACI 2.1, ecoinvent 3.7 cut-off, US-SERC electricity"
this_work,"FCDI-BES, condition 2V (2 V, Se only), with losses",modeled,both,1 m3 of FGD wastewater treated (10 mg/L each of selenate and selenite; pilot capacity 10 m3/h),"cradle to gate, with selenium recovery; end of life and polishing excluded",other,,USD/kg Se recovered,2026,no,,,,per kg Se recovered: no literature value on this functional unit,"this work (scenario KPIs, 01_Data/02_Processed)","scenario cond_2v, include_recovery=True",,filled by RunAll; scenario=cond_2v; cost per kg Se recovered (KPI se_recovery_cost_usd_kg); model prices are of mixed vintage (2024-2026) and are not re-based
this_work,"FCDI-BES, condition 2V (2 V, Se only), with losses",modeled,both,1 m3 of FGD wastewater treated (10 mg/L each of selenate and selenite; pilot capacity 10 m3/h),"cradle to gate, with selenium recovery; end of life and polishing excluded",other,,kWh/kg Se recovered,,no,,,,per kg Se recovered: no literature value on this functional unit,"this work (scenario KPIs, 01_Data/02_Processed)","scenario cond_2v, include_recovery=True",,filled by RunAll; scenario=cond_2v; total electricity per kg Se recovered (KPI specific_energy_kWh_kg_se)
this_work,"FCDI-BES, condition 2V+N (2 V, Se + nitrate), with losses",modeled,both,1 m3 of FGD wastewater treated (10 mg/L each of selenate and selenite; pilot capacity 10 m3/h),"cradle to gate, with selenium recovery; end of life and polishing excluded",LCOW,,USD/m3 treated,2026,yes,,USD2026/m3,none (this study's basis),,"this work (scenario KPIs, 01_Data/02_Processed)","scenario cond_2v_n, include_recovery=True",,filled by RunAll; scenario=cond_2v_n; LCOT (levelized cost of treatment) compared as a levelized cost of water; model prices are of mixed vintage (2024-2026) and are not re-based
this_work,"FCDI-BES, condition 2V+N (2 V, Se + nitrate), with losses",modeled,both,1 m3 of FGD wastewater treated (10 mg/L each of selenate and selenite; pilot capacity 10 m3/h),"cradle to gate, with selenium recovery; end of life and polishing excluded",specific_energy,,kWh/m3 treated,,yes,,kWh/m3,none (this study's basis),,"this work (scenario KPIs, 01_Data/02_Processed)","scenario cond_2v_n, include_recovery=True",,filled by RunAll; scenario=cond_2v_n; total electricity per m3 treated
this_work,"FCDI-BES, condition 2V+N (2 V, Se + nitrate), with losses",modeled,both,1 m3 of FGD wastewater treated (10 mg/L each of selenate and selenite; pilot capacity 10 m3/h),"cradle to gate, with selenium recovery; end of life and polishing excluded",GWP,,kg CO2-eq/m3 treated,,yes,,kg CO2-eq/m3,none (this study's basis),,"this work (scenario KPIs, 01_Data/02_Processed)","scenario cond_2v_n, include_recovery=True",,"filled by RunAll; scenario=cond_2v_n; TRACI 2.1, ecoinvent 3.7 cut-off, US-SERC electricity"
this_work,"FCDI-BES, condition 2V+N (2 V, Se + nitrate), with losses",modeled,both,1 m3 of FGD wastewater treated (10 mg/L each of selenate and selenite; pilot capacity 10 m3/h),"cradle to gate, with selenium recovery; end of life and polishing excluded",other,,USD/kg Se recovered,2026,no,,,,per kg Se recovered: no literature value on this functional unit,"this work (scenario KPIs, 01_Data/02_Processed)","scenario cond_2v_n, include_recovery=True",,filled by RunAll; scenario=cond_2v_n; cost per kg Se recovered (KPI se_recovery_cost_usd_kg); model prices are of mixed vintage (2024-2026) and are not re-based
this_work,"FCDI-BES, condition 2V+N (2 V, Se + nitrate), with losses",modeled,both,1 m3 of FGD wastewater treated (10 mg/L each of selenate and selenite; pilot capacity 10 m3/h),"cradle to gate, with selenium recovery; end of life and polishing excluded",other,,kWh/kg Se recovered,,no,,,,per kg Se recovered: no literature value on this functional unit,"this work (scenario KPIs, 01_Data/02_Processed)","scenario cond_2v_n, include_recovery=True",,filled by RunAll; scenario=cond_2v_n; total electricity per kg Se recovered (KPI specific_energy_kWh_kg_se)
this_work,"FCDI-BES, condition 3V+N (3 V, Se + nitrate), with losses",modeled,both,1 m3 of FGD wastewater treated (10 mg/L each of selenate and selenite; pilot capacity 10 m3/h),"cradle to gate, with selenium recovery; end of life and polishing excluded",LCOW,,USD/m3 treated,2026,yes,,USD2026/m3,none (this study's basis),,"this work (scenario KPIs, 01_Data/02_Processed)","scenario cond_3v_n, include_recovery=True",,filled by RunAll; scenario=cond_3v_n; LCOT (levelized cost of treatment) compared as a levelized cost of water; model prices are of mixed vintage (2024-2026) and are not re-based
this_work,"FCDI-BES, condition 3V+N (3 V, Se + nitrate), with losses",modeled,both,1 m3 of FGD wastewater treated (10 mg/L each of selenate and selenite; pilot capacity 10 m3/h),"cradle to gate, with selenium recovery; end of life and polishing excluded",specific_energy,,kWh/m3 treated,,yes,,kWh/m3,none (this study's basis),,"this work (scenario KPIs, 01_Data/02_Processed)","scenario cond_3v_n, include_recovery=True",,filled by RunAll; scenario=cond_3v_n; total electricity per m3 treated
this_work,"FCDI-BES, condition 3V+N (3 V, Se + nitrate), with losses",modeled,both,1 m3 of FGD wastewater treated (10 mg/L each of selenate and selenite; pilot capacity 10 m3/h),"cradle to gate, with selenium recovery; end of life and polishing excluded",GWP,,kg CO2-eq/m3 treated,,yes,,kg CO2-eq/m3,none (this study's basis),,"this work (scenario KPIs, 01_Data/02_Processed)","scenario cond_3v_n, include_recovery=True",,"filled by RunAll; scenario=cond_3v_n; TRACI 2.1, ecoinvent 3.7 cut-off, US-SERC electricity"
this_work,"FCDI-BES, condition 3V+N (3 V, Se + nitrate), with losses",modeled,both,1 m3 of FGD wastewater treated (10 mg/L each of selenate and selenite; pilot capacity 10 m3/h),"cradle to gate, with selenium recovery; end of life and polishing excluded",other,,USD/kg Se recovered,2026,no,,,,per kg Se recovered: no literature value on this functional unit,"this work (scenario KPIs, 01_Data/02_Processed)","scenario cond_3v_n, include_recovery=True",,filled by RunAll; scenario=cond_3v_n; cost per kg Se recovered (KPI se_recovery_cost_usd_kg); model prices are of mixed vintage (2024-2026) and are not re-based
this_work,"FCDI-BES, condition 3V+N (3 V, Se + nitrate), with losses",modeled,both,1 m3 of FGD wastewater treated (10 mg/L each of selenate and selenite; pilot capacity 10 m3/h),"cradle to gate, with selenium recovery; end of life and polishing excluded",other,,kWh/kg Se recovered,,no,,,,per kg Se recovered: no literature value on this functional unit,"this work (scenario KPIs, 01_Data/02_Processed)","scenario cond_3v_n, include_recovery=True",,filled by RunAll; scenario=cond_3v_n; total electricity per kg Se recovered (KPI specific_energy_kWh_kg_se)
jensen2014,"Reverse osmosis (nitrate treatment), systems < 0.5 MGD",review,TEA,1000 gal of water treated,"annualized capital (7%, 16 yr) plus operation and maintenance",LCOW,5.73–19.7,USD/1000 gal,2010,yes,,USD2026/m3,"USD/1000 gal to USD/m3 (x0.264172); CPI-U 2010 to 2026 x1.5210 (331.655/218.056, the CPI-U series of SI Table S23; 2026 = Jan-Aug mean); capital component re-levelized from 7%/16 yr to 10%/30 yr (CRF ratio 0.10608/0.10586 = 1.0021); total rebuilt from the adjusted mean CAPEX and mean OPEX (SI Table S23)",,"Jensen, V. B.; Darby, J. L.; Seidel, C.; Gorman, C. Crit. Rev. Environ. Sci. Technol. 2014, 44 (20), 2203-2286","page 2232, Table 7 (<0.5 MGD), as in LCA-FCDI_D08_Reference_SeTreatmentBenchmarks_v02.csv (metafile 'Results Summary' rows 5-7)",reported,"harmonized value filled by RunAll (benchmarks.load); as transcribed in LCA-FCDI_D08_Reference_SeTreatmentBenchmarks_v02.csv from the paper's tables, not an abstract value; range of total annualized cost; model mean = CAPEX 4.34 + OPEX 8.81 USD/1000 gal"
jensen2014,"Ion exchange (nitrate treatment), systems < 0.5 MGD",review,TEA,1000 gal of water treated,"annualized capital (7%, 16 yr) plus operation and maintenance",LCOW,0.97–5.71,USD/1000 gal,2010,yes,,USD2026/m3,"USD/1000 gal to USD/m3 (x0.264172); CPI-U 2010 to 2026 x1.5210 (331.655/218.056, the CPI-U series of SI Table S23; 2026 = Jan-Aug mean); capital component re-levelized from 7%/16 yr to 10%/30 yr (CRF ratio 0.10608/0.10586 = 1.0021); total rebuilt from the adjusted mean CAPEX and mean OPEX (SI Table S23)",,"Jensen, V. B.; Darby, J. L.; Seidel, C.; Gorman, C. Crit. Rev. Environ. Sci. Technol. 2014, 44 (20), 2203-2286","page 2220, Table 5 (<0.5 MGD), as in LCA-FCDI_D08_Reference_SeTreatmentBenchmarks_v02.csv (metafile 'Results Summary' rows 11-13)",reported,"harmonized value filled by RunAll (benchmarks.load); as transcribed in LCA-FCDI_D08_Reference_SeTreatmentBenchmarks_v02.csv from the paper's tables, not an abstract value; range of total annualized cost; model mean = CAPEX 0.79 + OPEX 2.625 USD/1000 gal"
jensen2014,"Electrodialysis (nitrate treatment), CAPEX of a ~0.5 MGD plant, OPEX of a 2.3 MGD plant",review,TEA,1000 gal of water treated,"annualized capital (7%, 16 yr) plus operation and maintenance",LCOW,4.665,USD/1000 gal,2010,yes,,USD2026/m3,"USD/1000 gal to USD/m3 (x0.264172); CPI-U 2010 to 2026 x1.5210 (331.655/218.056, the CPI-U series of SI Table S23; 2026 = Jan-Aug mean); capital component re-levelized from 7%/16 yr to 10%/30 yr (CRF ratio 0.10608/0.10586 = 1.0021); total rebuilt from the adjusted mean CAPEX and mean OPEX (SI Table S23)",,"Jensen, V. B.; Darby, J. L.; Seidel, C.; Gorman, C. Crit. Rev. Environ. Sci. Technol. 2014, 44 (20), 2203-2286","CAPEX page 2240 (~0.5 MGD plant), OPEX page 2240, Table 9 (2.3 MGD plant), as in LCA-FCDI_D08_Reference_SeTreatmentBenchmarks_v02.csv (metafile 'Results Summary' rows 17-19)",reported,"harmonized value filled by RunAll (benchmarks.load); as transcribed in LCA-FCDI_D08_Reference_SeTreatmentBenchmarks_v02.csv from the paper's tables, not an abstract value; total = CAPEX 0.94 x 1000/365 (workbook formula: 0.94 USD per 1000 gal/d of capacity) + OPEX 2.09 USD/1000 gal"
jensen2014,"Biological denitrification (nitrate treatment), systems < 0.5 MGD",review,TEA,1000 gal of water treated,"annualized capital (7%, 16 yr) plus operation and maintenance",LCOW,1.13,USD/1000 gal,2010,yes,,USD2026/m3,"USD/1000 gal to USD/m3 (x0.264172); CPI-U 2010 to 2026 x1.5210 (331.655/218.056, the CPI-U series of SI Table S23; 2026 = Jan-Aug mean); capital component re-levelized from 7%/16 yr to 10%/30 yr (CRF ratio 0.10608/0.10586 = 1.0021); total rebuilt from the adjusted mean CAPEX and mean OPEX (SI Table S23)",,"Jensen, V. B.; Darby, J. L.; Seidel, C.; Gorman, C. Crit. Rev. Environ. Sci. Technol. 2014, 44 (20), 2203-2286","page 2252, Table 12 (<0.5 MGD), as in LCA-FCDI_D08_Reference_SeTreatmentBenchmarks_v02.csv (metafile 'Results Summary' rows 23-25)",reported,"harmonized value filled by RunAll (benchmarks.load); as transcribed in LCA-FCDI_D08_Reference_SeTreatmentBenchmarks_v02.csv from the paper's tables, not an abstract value; total = CAPEX 0.83 + OPEX 0.30 USD/1000 gal"
liu2024_pilot_mcdi,"MCDI-based reclamation train (sand filtration, ultrafiltration, MCDI, UV), municipal wastewater",pilot,LCA,1 m3 of desalinated water for reclamation,pilot train construction and long-term operation; electricity and chemicals dominate,GWP,2.77,kg CO2-eq/m3 desalinated water,,no,,,,"functional unit is m3 of product water, here m3 of influent treated; water recovery not given in the abstract; electricity mix not stated in the abstract","Liu, H.-C.; Lee, M.; Hou, C.-H. Sci. Total Environ. 2024, 957, 177454 (doi:10.1016/j.scitotenv.2024.177454)","abstract via PubMed (MCP get_article_metadata), checked 2026-10-05 (PMID 39542264)",reported,placeholder lit_liu2024_gwp. abstract gives about 2.77 kg CO2-eq per m3 of desalinated water
liu2024_pilot_mcdi,"MCDI-based reclamation train (sand filtration, ultrafiltration, MCDI, UV), municipal wastewater",pilot,LCA,1 m3 of desalinated water for reclamation,pilot train construction and long-term operation,other,81,% of overall impacts from electricity,,no,,,,"contribution share, not a harmonizable quantity","Liu, H.-C.; Lee, M.; Hou, C.-H. Sci. Total Environ. 2024, 957, 177454","abstract via PubMed (MCP get_article_metadata), checked 2026-10-05 (PMID 39542264)",reported,placeholder lit_liu2024_elec_share. Abstract: electricity and chemicals contribute nearly 81% and 15% of the overall impacts
alrabiah_wr2026,"membrane electrochemical system, ammonium nitrogen recovery (multi-stack 10V-20N)",lab,LCA,1 kg NH4-N recovered,"cradle to gate; five laboratory configurations, best configuration reported",GWP,1.756,kg CO2-eq/kg NH4-N,,no,,,,"functional unit per kg N recovered; converting to m3 treated needs the influent concentration and recovery, which the abstract does not give; never converted across functional units","Alrabiah, F. H.; Yang, K.; Qin, M.; Hicks, A. L. Water Res. 2026, 297, 125648 (doi:10.1016/j.watres.2026.125648)","abstract via PubMed (MCP get_article_metadata), checked 2026-10-05 (PMID 41806675)",reported,placeholder lit_alrabiah2026_gwp. Lowest values among the five configurations (10V-20N)
alrabiah_wr2026,"membrane electrochemical system, ammonium nitrogen recovery (multi-stack 10V-20N)",lab,LCA,1 kg NH4-N recovered,"cradle to gate; five laboratory configurations, best configuration reported",specific_energy,0.3,kWh/kg NH4-N,,no,,,,"functional unit per kg N recovered; converting to m3 treated needs the influent concentration and recovery, which the abstract does not give; never converted across functional units","Alrabiah, F. H.; Yang, K.; Qin, M.; Hicks, A. L. Water Res. 2026, 297, 125648 (doi:10.1016/j.watres.2026.125648)","abstract via PubMed (MCP get_article_metadata), checked 2026-10-05 (PMID 41806675)",reported,placeholder lit_alrabiah2026_sec. Lowest values among the five configurations (10V-20N)
yu2016,"CDI, brackish water (laboratory module)",lab,LCA,1 m3 of desalinated water,"assembly, operation and disposal of a laboratory CDI module (construction and dismantling excluded); CML 2001 impacts and cumulative energy demand",GWP,1.43,kg CO2-eq/m3 desalinated water (GWP100),,no,,,,"functional unit is m3 of product water of a laboratory module, here m3 of influent treated; laboratory inventory and the source's electricity mix (Taiwan); never converted across functional units","Yu, T.-H. et al. Desalination 2016, 399, 53-60 (doi:10.1016/j.desal.2016.08.007)","full text, p.1 and p.5, Table 2 (PDF supplied by the owner, 2026-10-06)",reported,"confirmed from the full text on 2026-10-06; materials 56 %, chemicals 21 % and electricity 23 % of GWP100 (Table 2)"
yu2016,"CDI, brackish water (laboratory module)",lab,LCA,1 m3 of desalinated water,"assembly, operation and disposal of a laboratory CDI module; cumulative energy demand",other,23.9,MJ/m3 desalinated water (cumulative energy demand),,no,,,,cumulative energy demand on another functional unit; not a harmonizable quantity,"Yu, T.-H. et al. Desalination 2016, 399, 53-60 (doi:10.1016/j.desal.2016.08.007)","full text, p.1 and p.5, Table 2 (PDF supplied by the owner, 2026-10-06)",reported,"confirmed from the full text on 2026-10-06: the cumulative energy demand is highest in the operation phase (17.6 of 23.9 MJ, mainly chemical use); electricity for operation 0.4 kWh/m3 (1.44 MJ), whose cumulative energy demand is 4.63 MJ (19 %); materials 44 % and chemicals 37 % of the demand"
shiu2019,"CDI and MCDI, including scaled-up MCDI stacks (5 schemes)",lab,LCA,"1 m3 of desalinated product water (five CDI and MCDI stack schemes, S0-S4)","manufacture, operation and waste disposal of the stacks (energy and materials); CML impacts, normalised",other,52–89.8,% of impacts from materials and chemicals (electricity as low as 9.7 %),,no,,,,"contribution shares, not a harmonizable quantity","Shiu, H.-Y. et al. Desalination 2019, 468, 114087 (doi:10.1016/j.desal.2019.114087)","full text, p.1 (abstract), p.3 (functional unit) and p.6 (PDF supplied by the owner, 2026-10-06)",reported,"confirmed from the full text on 2026-10-06: electricity consumption had a relatively lower overall impact (as low as 9.7 %) than material or chemical use (52 % to 89.8 %); marine aquatic ecotoxicity is the largest share of the total normalised impacts, 76.6-81.5 % across the five schemes (p.5)"
cetinkaya2020,"MCDI, nitrate removal from drinking water",lab,LCA,laboratory MCDI operation (damage categories),LCA applied to the experimental study,other,83.07,"% nitrate removal (2.5 L/min, 0.8 V)",,no,,,,performance value; no LCA number in the abstract,"Çetinkaya, A. Y. Environ. Monit. Assess. 2020, 192 (8), 543 (doi:10.1007/s10661-020-08501-0)","abstract via PubMed (MCP get_article_metadata), checked 2026-10-05 (PMID 32712819)",reported,Abstract: water consumption had the highest effect in all damage assessment categories (laboratory inventory)
foley2010,"anaerobic treatment vs microbial fuel cell vs microbial electrolysis cell (H2O2), industrial wastewater",modeled,LCA,industrial wastewater treatment (construction and operation),three treatment options compared,other,1000,A/m3 (target volumetric current density for the MEC),,no,,,,performance target; no per-m3 impact given in the abstract,"Foley, J. M. et al. Environ. Sci. Technol. 2010, 44 (9), 3629-3637 (doi:10.1021/es100125h)","abstract via PubMed (MCP get_article_metadata), checked 2026-10-05 (PMID 20356090)",reported,abstract: MFC shows no significant benefit over anaerobic treatment; the MEC benefit comes from displaced H2O2; results depend strongly on the assumptions
chen2019_pilot_mec,"pilot-scale MEC, hydrogen from urban wastewater",pilot,LCA,1 kg of hydrogen produced,"construction and operation of the pre-treatment, MEC and post-treatment systems of a pilot plant (10-year lifetime)",GWP,52.8,"kg CO2-eq/kg H2 (MEC operation as built; 18.8 under optimised conditions: 0.5 V, 90 % electricity transformation, 90 % cathodic gas recovery)",,no,,,,functional unit is 1 kg of hydrogen produced; never converted across functional units,"Chen, J. et al. Energy Convers. Manage. 2019, 193, 52-63 (doi:10.1016/j.enconman.2019.04.060)","full text, p.1 (abstract), p.4 (functional unit, phases), p.9-10 and Table 5 (PDF supplied by the owner, 2026-10-06)",reported,confirmed from the full text on 2026-10-06: a pilot-scale MEC LCA; against coal gasification 18.0 and steam reforming of methane 10.6 kg CO2-eq/kg H2 (Table 5); the authors state that the technology can still be improved in terms of environmental benefits and technical maturity
patel2020_cdi_ro,"CDI, MCDI and FCDI vs brackish-water RO (parametric LCOW model)",modeled,TEA,"levelized cost of water, brackish-water desalination",capital and operating cost of desalination,LCOW,,USD/m3,,no,,,,"the abstract gives no LCOW value; brackish-water desalination per m3 of product, a different service","Liu, X.; Shanbhag, S.; Bartholomew, T. V.; Whitacre, J. F.; Mauter, M. S. ACS ES&T Eng. 2021, 1 (2), 261-273 (doi:10.1021/acsestengg.0c00094)","abstract via OpenAlex (MCP get_work), checked 2026-10-05",unverified,[UNCONFIRMED] no number in the abstract. Abstract: material (electrode and ion-exchange membrane) costs are the largest cost component
patel2020_cdi_ro,"CDI, MCDI and FCDI vs brackish-water RO (parametric LCOW model)",modeled,TEA,"levelized cost of water, brackish-water desalination",capital and operating cost of desalination,other,1,yr (component lifespan above which CDI undercuts RO),,no,,,,"threshold, not a harmonizable quantity","Liu, X. et al. ACS ES&T Eng. 2021, 1 (2), 261-273","abstract via OpenAlex (MCP get_work), checked 2026-10-05",reported,placeholder lit_liu2021_lifespan_yr. abstract: component lifespans above 1 year (1e5 cycles at 5-min cycles) are needed to undercut RO
patel2020_cdi_ro,"CDI, MCDI and FCDI vs brackish-water RO (parametric LCOW model)",modeled,TEA,"levelized cost of water, brackish-water desalination",capital and operating cost of desalination,other,2,g/L (feed concentration above which CDI is unlikely to compete with RO),,no,,,,"threshold, not a harmonizable quantity","Liu, X. et al. ACS ES&T Eng. 2021, 1 (2), 261-273","abstract via OpenAlex (MCP get_work), checked 2026-10-05",reported,
electrified_desal_2024,"reverse osmosis (brackish water), parametric process and cost model",modeled,TEA,1 m3 of fresh water produced (product 0.5 g/L),capital and operating cost over the recovery and feed-salinity range studied,LCOW,0.34–0.54,USD/m3 (as reported),,no,,,,"brackish-water desalination per m3 of product water, a different service; dollar year as printed (not stated in the paper); never converted across functional units","Sheng, M. et al. Desalination 2025, 600, 118486 (doi:10.1016/j.desal.2024.118486)","full text, p.8 (PDF supplied by the owner, 2026-10-06)",reported,placeholder lit_sheng2025_lcow_ro. Corrected on 2026-10-06 from the full text: the earlier sweep range (0.10-6.68 USD/m3 overall; ED and MCDI 0.10-0.39; RO 0.4-0.8) is not in the paper
electrified_desal_2024,"membrane capacitive deionization (MCDI), parametric process and cost model",modeled,TEA,"1 m3 of fresh water produced (feed 2.8 g/L, 80 % recovery, 30 L/(m2 h), product 0.5 g/L)",capital and operating cost (one separation condition),LCOW,0.40,USD/m3 (as reported),,no,,,,"brackish-water desalination per m3 of product water, a different service; dollar year as printed (not stated in the paper); never converted across functional units","Sheng, M. et al. Desalination 2025, 600, 118486 (doi:10.1016/j.desal.2024.118486)","full text, p.9, Fig. 5A (PDF supplied by the owner, 2026-10-06)",reported,placeholder lit_sheng2025_lcow_mcdi. Electricity contributes 16 % of the LCOW (p.9); 0.35 USD/m3 with a 20-year membrane life and 0.32 with the membrane price halved (p.10-11)
electrified_desal_2024,"flow-electrode capacitive deionization (FCDI), parametric process and cost model",modeled,TEA,"1 m3 of fresh water produced (feed 2.8 g/L, 80 % recovery, 30 L/(m2 h), product 0.5 g/L)",capital and operating cost (one separation condition),LCOW,0.45,USD/m3 (as reported),,no,,,,"brackish-water desalination per m3 of product water, a different service; dollar year as printed (not stated in the paper); never converted across functional units","Sheng, M. et al. Desalination 2025, 600, 118486 (doi:10.1016/j.desal.2024.118486)","full text, p.9, Fig. 5A (PDF supplied by the owner, 2026-10-06)",reported,placeholder lit_sheng2025_lcow_fcdi. Electricity contributes 8 % of the LCOW (p.9); 0.40 USD/m3 with a 20-year membrane life and 0.33 with the membrane price halved (p.10-11)
electrified_desal_2024,"electrodialysis (ED), parametric process and cost model",modeled,TEA,"1 m3 of fresh water produced (feed 2.8 g/L, 80 % recovery, 30 L/(m2 h), product 0.5 g/L)",capital and operating cost (one separation condition),LCOW,0.38,USD/m3 (as reported),,no,,,,"brackish-water desalination per m3 of product water, a different service; dollar year as printed (not stated in the paper); never converted across functional units","Sheng, M. et al. Desalination 2025, 600, 118486 (doi:10.1016/j.desal.2024.118486)","full text, p.9, Fig. 5A (PDF supplied by the owner, 2026-10-06)",reported,placeholder lit_sheng2025_lcow_ed. Electricity contributes 7 % of the LCOW (p.9); 0.33 USD/m3 with a 20-year membrane life and 0.30 with the membrane price halved (p.10-11)
cdi_vs_ro_cet2021,"CDI vs RO, brackish water",modeled,TEA,"treated water cost, by brine disposal route",optimized CDI design with a size-dependent cost correlation,LCOW,,USD/m3,,no,,,,the abstract gives no cost value (the literature-sweep range 0.07-1.22 USD/m3 is not in it),"Sharan, P. et al. Cleaner Eng. Technol. 2021, 3, 100102 (doi:10.1016/j.clet.2021.100102)","abstract via OpenAlex (MCP get_work), checked 2026-10-05",unverified,[UNCONFIRMED] literature-sweep note: 0.07-1.22 USD/m3 by disposal route; optimal design cuts cost by 36% (confirmed)
cdi_vs_ro_cet2021,"CDI vs RO, brackish water",modeled,TEA,"treated water cost, surface brine discharge",feasibility map vs RO,other,70 ± 15,mM salt (concentration below which CDI is cheaper than RO),,no,,,,"threshold, not a harmonizable quantity","Sharan, P. et al. Cleaner Eng. Technol. 2021, 3, 100102","abstract via OpenAlex (MCP get_work), checked 2026-10-05",reported,"placeholder lit_sharan2021_threshold_mm. Abstract: 65 ± 13 mM (deep well injection), 43 ± 10 mM (evaporation pond); not economical for zero liquid discharge at any concentration"
hand2019,"CDI and MCDI, brackish water, constant current",modeled,TEA,water price at the million-gallon-per-day scale,capital and operating cost,other,2–14,ratio of capital to operating cost,,no,,,,ratio on the source's own cost basis,"Hand, S.; Guest, J. S.; Cusick, R. D. Environ. Sci. Technol. 2019, 53 (22), 13353-13363 (doi:10.1021/acs.est.9b04347)","abstract via PubMed (MCP get_article_metadata), checked 2026-10-05 (PMID 31657552)",reported,"placeholder lit_hand2019_capital_to_operating. abstract: capital costs 2 to 14 times operating costs, particularly for MCDI"
hand2019,"CDI and MCDI, brackish water, constant current",modeled,TEA,water price at the million-gallon-per-day scale,capital and operating cost,other,2,yr (system lifetime needed),,no,,,,"threshold, not a harmonizable quantity","Hand, S. et al. Environ. Sci. Technol. 2019, 53 (22), 13353-13363","abstract via PubMed (MCP get_article_metadata), checked 2026-10-05 (PMID 31657552)",reported,placeholder lit_hand2019_lifetime_yr. abstract: system lifetimes of 2 years or more are important
hand2019,"CDI and MCDI, brackish water, constant current",modeled,TEA,water price at the million-gallon-per-day scale,capital and operating cost,other,20; 100,"USD/m2 (ion-exchange membrane price, low- and high-cost cases)",,no,,,,"input assumption of the source, dollar year not stated in the abstract","Hand, S. et al. Environ. Sci. Technol. 2019, 53 (22), 13353-13363","abstract via PubMed (MCP get_article_metadata), checked 2026-10-05 (PMID 31657552)",reported,
hasseler2020,CDI (process design tool with techno-economic analysis),modeled,TEA,levelized water cost,"CDI plant with periphery (grid, battery, solar, disposal, labour)",LCOW,,USD/m3,,no,,,,the abstract gives no number (tool paper),"Hasseler, T. D. et al. Water Res. 2020, 183, 116034 (doi:10.1016/j.watres.2020.116034)","abstract via PubMed (MCP get_article_metadata), checked 2026-10-05 (PMID 32736269)",unverified,no number in the abstract; qualitative content confirmed (process modelling and levelized water costs)
patel2024_ed_ro,ED vs brackish-water RO (process and economic models),modeled,TEA,levelized cost of water,optimized current state-of-the-art systems,other,60,USD/m2 (ion-exchange membrane price below which ED competes with RO),,no,,,,"threshold, not a harmonizable quantity","Patel, S. K.; Lee, B.; Westerhoff, P.; Elimelech, M. Water Res. 2024, 250, 121009 (doi:10.1016/j.watres.2023.121009)","abstract via PubMed (MCP get_article_metadata), checked 2026-10-05 (PMID 38118256)",reported,placeholder lit_patel2024_iem_price. abstract: ion-exchange membranes below 60 USD/m2 make ED competitive with RO for feed salinities up to 5 g/L
patel2024_ed_ro,ED vs brackish-water RO (process and economic models),modeled,TEA,levelized cost of water,optimized current state-of-the-art systems,other,5,g/L (feed salinity up to which cheaper membranes make ED competitive),,no,,,,"threshold, not a harmonizable quantity","Patel, S. K. et al. Water Res. 2024, 250, 121009","abstract via PubMed (MCP get_article_metadata), checked 2026-10-05 (PMID 38118256)",reported,placeholder lit_patel2024_salinity. Abstract: ED more economical than RO for feed salinities <= 3 g/L with current systems
aiken2019,"MEC, domestic wastewater (vs activated sludge)",modeled,TEA,net present value against activated sludge,eight scenarios from real-world data,other,2–3,A/m2 (current density of a financially viable MEC),,no,,,,"performance target, not a harmonizable quantity","Aiken, D. C.; Curtis, T. P.; Heidrich, E. S. Int. J. Hydrogen Energy 2019, 44 (5), 2426-2434 (doi:10.1016/j.ijhydene.2018.12.029)","abstract via OpenAlex (MCP get_work), checked 2026-10-05",reported,"placeholder lit_aiken2019_j_viable. Abstract: viable organic loading 800-1,400 g-COD/m3/d (2-3 A/m2) if anode and current-collector costs fall by 90%"
aiken2019,"MEC, domestic wastewater (vs activated sludge)",modeled,TEA,net present value against activated sludge,eight scenarios from real-world data,other,90,% reduction in anode and current-collector cost assumed for viability,,no,,,,"scenario condition, not a harmonizable quantity","Aiken, D. C. et al. Int. J. Hydrogen Energy 2019, 44 (5), 2426-2434","abstract via OpenAlex (MCP get_work), checked 2026-10-05",reported,placeholder lit_aiken2019_cost_cut
aiken2019,"MEC, domestic wastewater (vs activated sludge)",modeled,TEA,total material cost of the MEC,materials,other,94,% of material cost in anode and current-collector materials,,no,,,,cost share on the source's basis,"Aiken, D. C. et al. Int. J. Hydrogen Energy 2019, 44 (5), 2426-2434","abstract via OpenAlex (MCP get_work), checked 2026-10-05",reported,placeholder lit_aiken2019_anode_share
jiang2023_mec,"MEC, hydrogen from wastewater (scale-up review and TEA)",review,TEA,profitability across market scenarios,pilot-scale MEC compilation,other,2,mA/cm2 (current density rarely exceeded in pilot MECs),,no,,,,"performance statement, not a harmonizable quantity","Jiang, J. et al. Water Res. 2023, 241, 120139 (doi:10.1016/j.watres.2023.120139)","abstract via PubMed (MCP get_article_metadata), checked 2026-10-05 (PMID 37270949); full text, p.8 (PDF supplied by the owner, 2026-10-06)",reported,"confirmed from the full text on 2026-10-06: scale-up affects the volumetric current density and the H2 production rate (p.1, p.4, p.6-7); the largest documented cross-sectional area is 1 m2 (p.4); the 11.7 and 19.7 mOhm m2 internal resistances are reported by Kim et al. 2026, and the threefold carbon-mesh anode resistance growth is a statement of Kim et al. 2026 citing Cheng et al. 2014, not of this paper"
pilot_mes_est2024,pilot-scale MFCs (> 100 L) vs decentralized wastewater treatment,review,both,not stated in the abstract,"cost, efficiency, stability, carbon emissions",other,,qualitative,,no,,,,no number in the abstract,"Li, C. et al. Environ. Sci. Technol. 2024, 58 (22), 9471-9486 (doi:10.1021/acs.est.4c03169)","abstract via PubMed (MCP get_article_metadata), checked 2026-10-05 (PMID 38776077)",unverified,"qualitative finding confirmed: MFCs showed comparable cost, higher efficiency, long-term stability and lower carbon emissions"
ec_mfc_200L,"modular MFC system, 200 L, municipal wastewater (primary effluent)",pilot,both,not confirmed,"treatment, energy and cost (title)",other,200,L (system volume),,no,,,,system size; the cost values could not be confirmed (graphical abstract only in OpenAlex and Crossref),"Ge, Z.; He, Z. Environ. Sci.: Water Res. Technol. 2016, 2 (2), 274-281 (doi:10.1039/C6EW00020G)","title and graphical abstract via OpenAlex (MCP get_work) and Crossref, checked 2026-10-05",reported,placeholder lit_ge2016_volume_l. Graphical abstract: treats primary effluent and offsets part of its energy use
logan_scaleup,"pilot-scale MFCs (> 100 L), air-cathode vs liquid catholyte",review,energy,pilot reactors > 100 L,power density and effluent COD,other,100,L (lower bound of pilot reactor volume),,no,,,,system size,"Rossi, R.; Logan, B. E. Water Res. 2022, 225, 119179 (doi:10.1016/j.watres.2022.119179)","abstract via PubMed (MCP get_article_metadata), checked 2026-10-05 (PMID 36206685)",reported,placeholder lit_rossi2022_volume_l. Reported as more than 100 L. assessment 'energy' = technical performance study (no cost or LCA). Abstract: air-cathode MFCs 233% larger area-normalized power density; effluent COD not low enough for discharge
rommerskirchen2020,"FCDI brine concentration, 1-3 cell pairs",lab,energy,m3 of diluate,"energy demand per m3 of diluate, water transfer included; 60 g/L NaCl feed",specific_energy,15.5,kWh/m3 diluate (three cell pairs; around 25 with energy recovery in the single-cell-pair system),,no,,,,"desalination of brine per m3 of diluate, a different service; never converted across functional units","Rommerskirchen, A. et al. Desalination 2020, 490, 114453 (doi:10.1016/j.desal.2020.114453)","full text, p.9 (PDF supplied by the owner, 2026-10-06)",reported,placeholder lit_rommerskirchen2020_sec_3cp. Confirmed from the full text on 2026-10-06
rommerskirchen2020,FCDI in direct comparison with ED (brine concentration),lab,energy,m3 of diluate,"direct comparison on the same feed, energy demand including the water transfer",specific_energy,14.93,"kWh/m3 (FCDI; ED 53.01 kWh/m3 in the same comparison, incl. water transfer)",,no,,,,"desalination of brine per m3 of diluate, a different service; never converted across functional units","Rommerskirchen, A. et al. Desalination 2020, 490, 114453","full text, p.13, Table (PDF supplied by the owner, 2026-10-06)",reported,confirmed from the full text on 2026-10-06
rommerskirchen2020,"FCDI brine concentration, continuous",lab,energy,concentrate product stream,continuous operation,other,291.5,g/L NaCl (concentration reached in the concentrate),,no,,,,performance value,"Rommerskirchen, A. et al. Desalination 2020, 490, 114453","abstract of the authors' version, arXiv:2204.08897 (journal ref. Desalination 490, 114453), checked 2026-10-05; full text, p.1, p.8 and p.13 (PDF supplied by the owner, 2026-10-06)",reported,placeholder lit_rommerskirchen2020_brine
rommerskirchen2020,"FCDI brine concentration, multiple cell pairs",lab,energy,continuous FCDI system,single vs multiple cell pairs,other,70,% reduction in energy demand with multiple cell pairs (reported as more than 70 %),,no,,,,relative change,"Rommerskirchen, A. et al. Desalination 2020, 490, 114453","abstract of the authors' version, arXiv:2204.08897 (journal ref. Desalination 490, 114453), checked 2026-10-05; full text, p.1 and p.9 (PDF supplied by the owner, 2026-10-06)",reported,placeholder lit_rommerskirchen2020_energy_cut. Reported as more than 70%. Abstract: economic feasibility not investigated
rommerskirchen2020,"FCDI brine concentration, multiple cell pairs",lab,energy,continuous FCDI system,single against three cell pairs at 60 g/L NaCl,other,3,cell pairs (the configuration of the 15.5 kWh/m3 diluate value),,no,,,,design value,"Rommerskirchen, A. et al. Desalination 2020, 490, 114453","full text, p.9 (PDF supplied by the owner, 2026-10-06)",reported,placeholder lit_rommerskirchen2020_cell_pairs
rommerskirchen2020,"FCDI, 100 cm2 active membrane area, 15 wt% activated carbon, 60 g/L NaCl",lab,energy,active membrane area,current-voltage curves at 60 g/L NaCl in feed and slurry,other,1.4–1.6,"A (feed-limited plateau current of the current-voltage curves: around 1.4-1.5 A for the standard system, close to 1.6 A at low concentrate flux)",,no,,,,performance value,"Rommerskirchen, A. et al. Desalination 2020, 490, 114453","full text, p.8 (PDF supplied by the owner, 2026-10-06)",reported,"placeholder lit_rommerskirchen2020_plateau_i. Confirmed from the full text on 2026-10-06; the paper attributes the plateau to the salt available in the feed (1.65 A at unit current efficiency for the full desalination of the feed at 1 mL/min), not to an electrochemical limit"
rommerskirchen2020,"FCDI, 100 cm2 active membrane area, 15 wt% activated carbon, 60 g/L NaCl",lab,energy,active membrane area,current-voltage curves at 60 g/L NaCl in feed and slurry,other,140–160,A/m2 (feed-limited plateau current density),,no,,,"derived: 1.4-1.6 A over the 100 cm2 active membrane area (p.8, Fig. 7 caption)",derived performance value,"Rommerskirchen, A. et al. Desalination 2020, 490, 114453","full text, p.8 (PDF supplied by the owner, 2026-10-06)",derived,placeholder lit_rommerskirchen2020_plateau_j. Our conversion: 1.4-1.6 A / 100 cm2 = 140-160 A/m2; the earlier sweep value had been read from the current-voltage curves and is now stated as the paper reports it; the ledger's 150 A/m2 reference is the midpoint
rommerskirchen2020,"FCDI, 100 cm2 active membrane area, 15 wt% activated carbon",lab,energy,active membrane area,FCDI module of the current-voltage experiments,other,100,cm2 (active membrane area),,no,,,,design value,"Rommerskirchen, A. et al. Desalination 2020, 490, 114453","full text, p.3, Fig. 1, and p.8, Fig. 7 caption (PDF supplied by the owner, 2026-10-06)",reported,placeholder lit_rommerskirchen2020_area_cm2
rommerskirchen2020,"FCDI brine concentration, 60 g/L NaCl feed",lab,energy,feed stream,feed concentration of the current-voltage and desalination experiments (120 g/L also studied),other,60,g/L NaCl (feed concentration),,no,,,,design value,"Rommerskirchen, A. et al. Desalination 2020, 490, 114453","full text, p.5, Table 1, and p.8 (PDF supplied by the owner, 2026-10-06)",reported,placeholder lit_rommerskirchen2020_feed_g_l
fcdi_energetic_est2024,FCDI vs BWRO and SWRO (simulated pilot-scale FCDI),modeled,energy,specific energy consumption,simulation validated on laboratory data; plant data for RO,specific_energy,,kWh/m3,,no,,,,no number in the abstract,"Lim, J.; Lee, S.; Lee, H.; Hong, S. Environ. Sci. Technol. 2024, 58 (14), 6181-6191 (doi:10.1021/acs.est.4c00672)","abstract via PubMed (MCP get_article_metadata), checked 2026-10-05 (PMID 38536729)",unverified,qualitative finding confirmed: FCDI competitive with BWRO in energy under all conditions; with SWRO only after area optimization; FCDI studies limited to laboratory scale
fcdi_process_model_wr2022,FCDI (steady-state process model; optimized cell with titanium mesh),lab,energy,energy consumption by component,FCDI cell,other,51.9,% reduction in energy consumption of the optimized FCDI,,no,,,,relative change,"Shi, C. et al. Water Res. 2023, 230, 119517 (doi:10.1016/j.watres.2022.119517)","abstract via PubMed (MCP get_article_metadata), checked 2026-10-05 (PMID 36608524)",reported,Abstract: flow-electrode energy dominates under most conditions. (Literature-sweep 11-20 A/m2 not in the abstract.)
tang2020_overlimiting,FCDI in overlimiting current regimes (upgraded units),lab,energy,membrane area,"27-40 g/L NaCl, 500 mA",other,100,"mg/m2/s (salt removal rate, lower bound)",,no,,,,performance value,"Tang, K.; Zhou, K. Environ. Sci. Technol. 2020, 54 (9), 5853-5863 (doi:10.1021/acs.est.9b07591)","abstract via PubMed (MCP get_article_metadata), checked 2026-10-05 (PMID 32271562)",reported,placeholder lit_tang2020_srr. Reported as more than 100 mg m-2 s-1
tang2020_overlimiting,FCDI in overlimiting current regimes (upgraded units),lab,energy,membrane area,"27-40 g/L NaCl, 500 mA",other,165,"A/m2 (equivalent current density, lower bound)",,no,,,"derived: j = SRR / M_NaCl x F = 0.100 g m-2 s-1 / 58.44 g mol-1 x 96485 C mol-1 = 165 A m-2, assuming unit current efficiency and one charge per NaCl",derived performance value,"Tang, K.; Zhou, K. Environ. Sci. Technol. 2020, 54 (9), 5853-5863","abstract via PubMed (MCP get_article_metadata), checked 2026-10-05 (PMID 32271562)",derived,"placeholder lit_tang2020_j_eq. Our conversion, not author-reported: 100 mg NaCl m-2 s-1 / 58.44 g mol-1 x 96,485 C mol-1 = 165 A m-2 at unit current efficiency"
fcnt_wr2018,FCDI with functionalized carbon nanotubes in an activated-carbon flow electrode,lab,energy,membrane area,"35.0 g/L saline water, 1.2 V; 0.25 wt% FCNT with 5 wt% AC",other,4,fold increase in salt removal rate,,no,,,,relative change,"Cho, Y. et al. Water Res. 2019, 151, 252-259 (doi:10.1016/j.watres.2018.11.080)","abstract via PubMed (MCP get_article_metadata), checked 2026-10-05 (PMID 30605773)",reported,placeholder lit_cho2019_factor. Absolute rates (1.45 to 5.72) not used: their unit is garbled in the PubMed record
wei2021_redox,"redox-mediated flow electrode in an organic solvent (acetonitrile, NaI/I2, 3 wt% carbon nanotubes)",lab,energy,active cell area,constant current,other,13,mA/cm2 (highest current density; desalination rate 6.8 ug cm-2 s-1),,no,,,,performance value,"Wei, Q. et al. J. Mater. Chem. A 2021, 9 (39), 22254-22261 (doi:10.1039/D1TA05350G)","full text, p.1 (abstract), p.5 and p.7 (PDF supplied by the owner, 2026-10-06)",reported,"placeholder lit_wei2021_j_ma_cm2. Confirmed from the full text on 2026-10-06: the highest desalination rate, 6.8 ug cm-2 s-1, at 13 mA cm-2; energy consumption 373.02 kJ/mol at that current density"
wei2021_redox,"redox-mediated flow electrode in an organic solvent (acetonitrile, NaI/I2, 3 wt% carbon nanotubes)",lab,energy,active cell area,constant current,other,130,A/m2 (highest current density),,no,,,derived: 13 mA/cm2 x 10 = 130 A/m2 (unit conversion),derived performance value,"Wei, Q. et al. J. Mater. Chem. A 2021, 9 (39), 22254-22261","full text, p.1 (PDF supplied by the owner, 2026-10-06)",derived,placeholder lit_wei2021_j_a_m2. Unit conversion of the reported 13 mA cm-2
il_redox_2024,ionic-liquid redox flow desalination of seawater (1-ethyl-3-methylimidazolium acetate),lab,energy,active cell area,"constant current; 100 mM redox couple, 3 % carbon nanotubes",other,11,mA/cm2 (highest current density; average salt removal rate 4.82 ug min-1 cm-2),,no,,,,performance value,"Xiao, Y. et al. Desalination 2024, 574, 117284 (doi:10.1016/j.desal.2023.117284)","full text, p.1 (abstract), p.6 and p.7 (PDF supplied by the owner, 2026-10-06)",reported,"placeholder lit_xiao2024_j_ma_cm2. Confirmed from the full text on 2026-10-06: 4.82 ug min-1 cm-2 at 11 mA cm-2; energy consumption 254.12 kJ/mol in the ionic liquid (against 466.3 in water and 317.86 in ethanol), rising from 138.09 to 628.65 kJ/mol as the current density rose to 11 mA cm-2"
il_redox_2024,ionic-liquid redox flow desalination of seawater (1-ethyl-3-methylimidazolium acetate),lab,energy,active cell area,"constant current; 100 mM redox couple, 3 % carbon nanotubes",other,110,A/m2 (highest current density),,no,,,derived: 11 mA/cm2 x 10 = 110 A/m2 (unit conversion),derived performance value,"Xiao, Y. et al. Desalination 2024, 574, 117284","full text, p.1 (PDF supplied by the owner, 2026-10-06)",derived,placeholder lit_xiao2024_j_a_m2. Unit conversion of the reported 11 mA cm-2
yang2016_stack,FCDI stack of unit cells,lab,energy,stack,flow-electrode inlet pressure and desalting efficiency,other,5,unit cells in the stack,,no,,,,system size,"Yang, S. et al. ACS Sustainable Chem. Eng. 2016, 4 (8), 4174-4180 (doi:10.1021/acssuschemeng.6b00689)","abstract via OpenAlex (MCP get_work), checked 2026-10-05",reported,placeholder lit_yang2016_cells. Abstract: flow electrode uniformly segmented from the manifold; no pressure increase with more unit cells; desalting efficiency similar to the unit cell
ma2020_fcdi_pairs,"FCDI membrane-stack configuration, brackish water",lab,energy,1000 mg/L feed to about 150 mg/L,number of membrane pairs varied,other,2,membrane pairs (highest efficiency),,no,,,,design value,"Ma, J. et al. Water Res. 2020, 168, 115186 (doi:10.1016/j.watres.2019.115186)","abstract via PubMed (MCP get_article_metadata), checked 2026-10-05 (PMID 31655437)",reported,placeholder lit_ma2020_pairs. Abstract: further membrane pairs decreased current efficiency; energy efficiency 13.8-20.2%; productivity > 100 L m-2 h-1
koller2024,"stacked FCDI module towards pilot scale (membrane-electrode assemblies, 20 stacking units)",pilot,energy,active membrane area,60 g/L NaCl feed; membrane-electrode-assembly module of 20 stacking units,other,1.1,"umol/(min cm2) (average salt transfer rate of the 20-stacking-unit module, within the range of laboratory systems)",,no,,,,performance value,"Köller, N.; Mankertz, L.; Finger, S.; Linnartz, C. J.; Wessling, M. Desalination 2024, 572, 117096 (doi:10.1016/j.desal.2023.117096)","full text, p.1, p.6 and p.7 (PDF supplied by the owner, 2026-10-06)",reported,"placeholder lit_koller2024_astr. Confirmed from the full text on 2026-10-06; at constant high current efficiencies and a feed flow of 60 mL/min (86.4 L/d), the same feed flow per stacking unit as the 2-unit modules (p.6)"
koller2024,"stacked FCDI module towards pilot scale (2-stacking-unit modules, 320 cm2 membranes)",pilot,energy,active membrane area,60 g/L NaCl feed; two modules of 2 stacking units at 1.2 V,other,2.1–2.4,umol/(min cm2) (average salt transfer rate of the 2-stacking-unit modules; current efficiencies close to unity),,no,,,,performance value,"Köller, N. et al. Desalination 2024, 572, 117096","full text, p.5 (PDF supplied by the owner, 2026-10-06)",reported,placeholder lit_koller2024_astr_2su
koller2024,"stacked FCDI module towards pilot scale (membrane-electrode assemblies, 20 stacking units)",pilot,energy,active membrane area,20-stacking-unit module against the 2-stacking-unit modules at the same feed flow per stacking unit,other,0.46–0.52,ratio of the 20-stacking-unit module's salt transfer rate to that of the 2-stacking-unit modules,,no,,,derived: 1.1 / 2.4 to 1.1 / 2.1 (p.5-6),derived performance value,"Köller, N. et al. Desalination 2024, 572, 117096","full text, p.5-6 (PDF supplied by the owner, 2026-10-06)",derived,"placeholder lit_koller2024_astr_ratio. Our ratio of the reported rates; independent support for a current-density retention of this order (ProcessAssumptions v03, UncertaintyDistributions v03, loss ledger D09 v02)"
koller2024,"stacked FCDI module towards pilot scale (membrane-electrode assemblies, 20 stacking units)",pilot,energy,pilot-scale system,development stage,other,5,technology readiness level of the pilot-scale system (laboratory systems: TRL 4),,no,,,,"development stage, not a harmonizable quantity","Köller, N. et al. Desalination 2024, 572, 117096","full text, p.1 and p.7 (PDF supplied by the owner, 2026-10-06)",reported,placeholder lit_koller2024_trl
koller2024,"stacked FCDI module towards pilot scale (membrane-electrode assemblies, 20 stacking units)",pilot,energy,module,membrane-electrode-assembly module,other,20,stacking units in the membrane-electrode-assembly module,,no,,,,design value,"Köller, N. et al. Desalination 2024, 572, 117096","full text, p.1 and p.3, Table 1 (PDF supplied by the owner, 2026-10-06)",reported,placeholder lit_koller2024_stacking_units. The stacking units are independent FCDI cells that share one flow electrode (p.2-3)
koller2024,"stacked FCDI module towards pilot scale (membrane-electrode assemblies, 20 stacking units)",pilot,energy,stacking unit,stacking concept,other,2,cell pairs per stacking unit,,no,,,,design value,"Köller, N. et al. Desalination 2024, 572, 117096","full text, p.2 and p.3 (PDF supplied by the owner, 2026-10-06)",reported,placeholder lit_koller2024_cell_pairs_per_unit
koller2024,"stacked FCDI module towards pilot scale (membrane-electrode assemblies, 20 stacking units)",pilot,energy,membrane,ion-exchange membranes of the modules,other,320,cm2 (active membrane area of each membrane; 40 cm2 at laboratory scale),,no,,,,design value,"Köller, N. et al. Desalination 2024, 572, 117096","full text, p.1, p.2 and p.3 (PDF supplied by the owner, 2026-10-06)",reported,placeholder lit_koller2024_membrane_cm2. A 260-fold increase in membrane area over a typical laboratory system (p.1)
koller2024,"stacked FCDI module towards pilot scale (membrane-electrode assemblies, 20 stacking units)",pilot,energy,module,membrane-electrode-assembly module of 20 stacking units,other,3.2,m2 (active membrane area of the stacked module),,no,,,,design value,"Köller, N. et al. Desalination 2024, 572, 117096","full text, p.7 (PDF supplied by the owner, 2026-10-06)",reported,"placeholder lit_koller2024_area_m2. Feed flow rates above 80 L/d (p.1, p.7)"
koller2024,"stacked FCDI module towards pilot scale (membrane-electrode assemblies, 20 stacking units)",pilot,energy,active membrane area,60 g/L NaCl feed; membrane-electrode-assembly module of 20 stacking units,other,17.7,A/m2 (equivalent current density at unit current efficiency),,no,,,"derived: j = ASTR x F = 1.1e-6 mol/(min cm2) x 96485 C/mol / 60 s/min x 1e4 cm2/m2 = 17.7 A/m2, assuming unit current efficiency and one charge per NaCl",derived performance value,"Köller, N. et al. Desalination 2024, 572, 117096","full text, p.1 (PDF supplied by the owner, 2026-10-06)",derived,"placeholder lit_koller2024_j_eq. Our conversion, not author-reported"
edbm_leakage,"electrodialysis stacks (literature survey) and a bipolar-membrane electrodialysis stack, external-circuit model",modeled,energy,stack supply current,leakage (shunt) currents through the external circuits of electrodialysis-type stacks,other,0.9–12,"% of the total current (total effective electrical leakage of electrodialysis stacks, literature survey, Table S1 of the paper)",,no,,,,"literature survey value, not a harmonizable quantity","Peng, Z.; Sun, Y.; Shi, P.; Wang, Y. Sep. Purif. Technol. 2022, 290, 120816 (doi:10.1016/j.seppur.2022.120816)","full text, p.1 (abstract and introduction, Table S1 of the paper) (PDF supplied by the owner, 2026-10-06)",reported,"placeholder lit_peng2022_leakage_range. Corrected on 2026-10-06 from the full text: the earlier sweep statement '0.2-1.2 % of total current in 25-50 cell-pair modules' is not in the paper; leakage rises with the number of cell pairs and the current density and saturates (p.3, p.8-9)"
edbm_leakage,laboratory bipolar-membrane electrodialysis stack (model validation),modeled,energy,stack supply current,"leakage currents of the authors' laboratory stack (5 cell pairs, 100 mm x 300 mm membranes, 30 mA/cm2)",other,0.1,% of the total current (upper limit: the ratio of leakage current to total current was less than 0.1 %),,no,,,,"performance value, not a harmonizable quantity","Peng, Z. et al. Sep. Purif. Technol. 2022, 290, 120816","full text, p.7-8 (PDF supplied by the owner, 2026-10-06)",reported,placeholder lit_peng2022_lab_leakage_max
mec_framework_wr2026,zero-gap MEC scaled from 9 to 100 cm2 electrode area,lab,energy,9 cm2 electrode,"electrochemistry-, hydrodynamics- and microbial-ecology-informed scale-up",other,11.7,mOhm m2 (internal resistance),,no,,,,performance value,"Kim, D. et al. Water Res. 2026, 294, 125503 (doi:10.1016/j.watres.2026.125503)","abstract via PubMed (MCP get_article_metadata), checked 2026-10-05 (PMID 41687164); full text, p.1 and p.5 (PDF supplied by the owner, 2026-10-06)",reported,placeholder lit_kim2026_r9. Abstract: 11.7 +/- 0.5 mOhm m2 at 9 cm2. Basis of the retention mode 11.7/19.7 = 0.59
mec_framework_wr2026,zero-gap MEC scaled from 9 to 100 cm2 electrode area,lab,energy,100 cm2 electrode,"electrochemistry-, hydrodynamics- and microbial-ecology-informed scale-up",other,19.7,mOhm m2 (internal resistance),,no,,,,performance value,"Kim, D. et al. Water Res. 2026, 294, 125503","abstract via PubMed (MCP get_article_metadata), checked 2026-10-05 (PMID 41687164); full text, p.1 and p.5 (PDF supplied by the owner, 2026-10-06)",reported,placeholder lit_kim2026_r100. Abstract: 19.7 +/- 1.3 mOhm m2 at 100 cm2
mec_framework_wr2026,zero-gap MEC scaled from 9 to 100 cm2 electrode area,lab,energy,9 cm2 electrode,"electrochemistry-, hydrodynamics- and microbial-ecology-informed scale-up",other,25.1,A/m2 (maximum current density),,no,,,,performance value,"Kim, D. et al. Water Res. 2026, 294, 125503","abstract via PubMed (MCP get_article_metadata), checked 2026-10-05 (PMID 41687164); full text, p.1 and p.5 (PDF supplied by the owner, 2026-10-06)",reported,placeholder lit_kim2026_j9. Abstract: 25.1 +/- 2.7 A/m2 at 9 cm2
mec_framework_wr2026,zero-gap MEC scaled from 9 to 100 cm2 electrode area,lab,energy,100 cm2 electrode,"electrochemistry-, hydrodynamics- and microbial-ecology-informed scale-up",other,21.7,A/m2 (maximum current density),,no,,,,performance value,"Kim, D. et al. Water Res. 2026, 294, 125503","abstract via PubMed (MCP get_article_metadata), checked 2026-10-05 (PMID 41687164); full text, p.1 and p.5 (PDF supplied by the owner, 2026-10-06)",reported,placeholder lit_kim2026_j100. Abstract: 21.7 +/- 1.1 A/m2 at 100 cm2; hydrogen production 69.3 vs 67.7 L/L-d
mec_framework_wr2026,carbon-mesh anode of an MEC enlarged from 10 cm2 to 1 m2 (Kim et al. 2026 citing Cheng et al. 2014),lab,energy,anode area,literature statement cited by Kim et al. 2026,other,3,fold increase in anode resistance (up to three times),,no,,,,"literature statement, not a harmonizable quantity","Kim, D. et al. Water Res. 2026, 294, 125503 (citing Cheng et al. 2014)","full text, p.2 (PDF supplied by the owner, 2026-10-06)",reported,"placeholder lit_kim2026_anode_r_factor. The basis of the lower bound (0.33) of the current-density retention; attributed to Jiang et al. 2023 by the literature sweep, corrected on 2026-10-06"
