technology,metric,min,max,mean,unit,base_year,interest_rate,lifetime_yr,reference,source,source_locator,value_type,note
Reverse Osmosis,Annualized CAPEX,3.51,5.17,4.34,$/1000 gal,2010,0.07,16,"Ref: Jensen et al 2014, page 2232, Table 7., for <0.5MGD","Jensen, V. B.; Darby, J. L.; Seidel, C.; Gorman, C. Nitrate in Potable Water Supplies: Alternative Management Strategies. Crit. Rev. Environ. Sci. Technol. 2014, 44 (20), 2203-2286","page 2232, Table 7 (<0.5 MGD); metafile '07-07-26 Corrected Metafile Scale-up.xlsx', sheet 'Results Summary' row 5",reported,"2010 USD per 1000 gal as reported; escalated to 2026 USD with the CPI-U by the code (D08 CPIU table), annualisation basis 7 % over 16 years."
Reverse Osmosis,OPEX,1.46,16.16,8.81,$/1000 gal,2010,0.07,16,"Ref: Jensen et al 2014, page 2232, Table 7., for <0.5MGD","Jensen, V. B.; Darby, J. L.; Seidel, C.; Gorman, C. Nitrate in Potable Water Supplies: Alternative Management Strategies. Crit. Rev. Environ. Sci. Technol. 2014, 44 (20), 2203-2286","page 2232, Table 7 (<0.5 MGD); metafile '07-07-26 Corrected Metafile Scale-up.xlsx', sheet 'Results Summary' row 6",reported,"2010 USD per 1000 gal as reported; escalated to 2026 USD with the CPI-U by the code (D08 CPIU table), annualisation basis 7 % over 16 years."
Reverse Osmosis,Total Annualized Costs,5.73,19.7,12.715,$/1000 gal,2010,0.07,16,"Ref: Jensen et al 2014, page 2232, Table 7., for <0.5MGD","Jensen, V. B.; Darby, J. L.; Seidel, C.; Gorman, C. Nitrate in Potable Water Supplies: Alternative Management Strategies. Crit. Rev. Environ. Sci. Technol. 2014, 44 (20), 2203-2286","page 2232, Table 7 (<0.5 MGD); metafile '07-07-26 Corrected Metafile Scale-up.xlsx', sheet 'Results Summary' row 7",reported,"2010 USD per 1000 gal as reported; escalated to 2026 USD with the CPI-U by the code (D08 CPIU table), annualisation basis 7 % over 16 years."
Ion Exchange,Annualized CAPEX,0.37,1.21,0.79,$/1000 gal,2010,0.07,16,"Ref: Jensen et al 2014, page 2220, Table 5, for <0.5MGD","Jensen, V. B.; Darby, J. L.; Seidel, C.; Gorman, C. Nitrate in Potable Water Supplies: Alternative Management Strategies. Crit. Rev. Environ. Sci. Technol. 2014, 44 (20), 2203-2286","page 2220, Table 5 (<0.5 MGD); metafile '07-07-26 Corrected Metafile Scale-up.xlsx', sheet 'Results Summary' row 11",reported,"2010 USD per 1000 gal as reported; escalated to 2026 USD with the CPI-U by the code (D08 CPIU table), annualisation basis 7 % over 16 years."
Ion Exchange,OPEX,0.6,4.6500000000000004,2.625,$/1000 gal,2010,0.07,16,"Ref: Jensen et al 2014, page 2220, Table 5, for <0.5MGD","Jensen, V. B.; Darby, J. L.; Seidel, C.; Gorman, C. Nitrate in Potable Water Supplies: Alternative Management Strategies. Crit. Rev. Environ. Sci. Technol. 2014, 44 (20), 2203-2286","page 2220, Table 5 (<0.5 MGD); metafile '07-07-26 Corrected Metafile Scale-up.xlsx', sheet 'Results Summary' row 12",reported,"2010 USD per 1000 gal as reported; escalated to 2026 USD with the CPI-U by the code (D08 CPIU table), annualisation basis 7 % over 16 years."
Ion Exchange,Total Annualized Costs,0.97,5.71,3.34,$/1000 gal,2010,0.07,16,"Ref: Jensen et al 2014, page 2220, Table 5, for <0.5MGD","Jensen, V. B.; Darby, J. L.; Seidel, C.; Gorman, C. Nitrate in Potable Water Supplies: Alternative Management Strategies. Crit. Rev. Environ. Sci. Technol. 2014, 44 (20), 2203-2286","page 2220, Table 5 (<0.5 MGD); metafile '07-07-26 Corrected Metafile Scale-up.xlsx', sheet 'Results Summary' row 13",reported,"2010 USD per 1000 gal as reported; escalated to 2026 USD with the CPI-U by the code (D08 CPIU table), annualisation basis 7 % over 16 years."
Electrodialysis,Annualized CAPEX,,,2.5753424657534247,$/1000 gal,2010,0.07,16,"Ref: Jensen et al 2014, page 2240, for a ~0.5MGD plant","Jensen, V. B.; Darby, J. L.; Seidel, C.; Gorman, C. Nitrate in Potable Water Supplies: Alternative Management Strategies. Crit. Rev. Environ. Sci. Technol. 2014, 44 (20), 2203-2286","page 2240 (~0.5 MGD plant); metafile '07-07-26 Corrected Metafile Scale-up.xlsx', sheet 'Results Summary' row 17, cell F17 = 0.94*1000/365",reported,"2010 USD per 1000 gal as reported; escalated to 2026 USD with the CPI-U by the code (D08 CPIU table), annualisation basis 7 % over 16 years. the workbook computes this mean as =0.94*1000/365 (0.94 USD per 1000 gal/d of capacity, annualised over 365 days); min and max not reported (N/A in the sheet)"
Electrodialysis,OPEX,,,2.09,$/1000 gal,2010,0.07,16,"Ref: Jensen et al 2014, page 2240, Table 9., for a 2.3MGD plant","Jensen, V. B.; Darby, J. L.; Seidel, C.; Gorman, C. Nitrate in Potable Water Supplies: Alternative Management Strategies. Crit. Rev. Environ. Sci. Technol. 2014, 44 (20), 2203-2286","page 2240, Table 9 (2.3 MGD plant); metafile '07-07-26 Corrected Metafile Scale-up.xlsx', sheet 'Results Summary' row 18",reported,"2010 USD per 1000 gal as reported; escalated to 2026 USD with the CPI-U by the code (D08 CPIU table), annualisation basis 7 % over 16 years. min and max not reported (N/A in the sheet)"
Electrodialysis,Total Annualized Costs,,,4.6653424657534242,$/1000 gal,2010,0.07,16,"Ref: Jensen et al 2014, page 2240 (CAPEX, ~0.5 MGD) and Table 9 (OPEX, 2.3 MGD)","Jensen, V. B.; Darby, J. L.; Seidel, C.; Gorman, C. Nitrate in Potable Water Supplies: Alternative Management Strategies. Crit. Rev. Environ. Sci. Technol. 2014, 44 (20), 2203-2286","metafile '07-07-26 Corrected Metafile Scale-up.xlsx', sheet 'Results Summary' row 19, cell F19 = SUM(F17:F18); the sheet row carries no reference text",reported,"2010 USD per 1000 gal as reported; escalated to 2026 USD with the CPI-U by the code (D08 CPIU table), annualisation basis 7 % over 16 years. sum of the CAPEX and OPEX rows of two plant sizes, as in the workbook"
Biological Denitrification,Annualized CAPEX,,,0.83,$/1000 gal,2010,0.07,16,"Ref: Jensen et al 2014, page 2252, Table 12., for <0.5MGD","Jensen, V. B.; Darby, J. L.; Seidel, C.; Gorman, C. Nitrate in Potable Water Supplies: Alternative Management Strategies. Crit. Rev. Environ. Sci. Technol. 2014, 44 (20), 2203-2286","page 2252, Table 12 (<0.5 MGD); metafile '07-07-26 Corrected Metafile Scale-up.xlsx', sheet 'Results Summary' row 23",reported,"2010 USD per 1000 gal as reported; escalated to 2026 USD with the CPI-U by the code (D08 CPIU table), annualisation basis 7 % over 16 years. min and max not reported (N/A in the sheet)"
Biological Denitrification,OPEX,,,0.3,$/1000 gal,2010,0.07,16,"Ref: Jensen et al 2014, page 2252, Table 12., for <0.5MGD","Jensen, V. B.; Darby, J. L.; Seidel, C.; Gorman, C. Nitrate in Potable Water Supplies: Alternative Management Strategies. Crit. Rev. Environ. Sci. Technol. 2014, 44 (20), 2203-2286","page 2252, Table 12 (<0.5 MGD); metafile '07-07-26 Corrected Metafile Scale-up.xlsx', sheet 'Results Summary' row 24",reported,"2010 USD per 1000 gal as reported; escalated to 2026 USD with the CPI-U by the code (D08 CPIU table), annualisation basis 7 % over 16 years. min and max not reported (N/A in the sheet)"
Biological Denitrification,Total Annualized Costs,,,1.13,$/1000 gal,2010,0.07,16,"Ref: Jensen et al 2014, page 2252, Table 12 (sum of CAPEX and OPEX)","Jensen, V. B.; Darby, J. L.; Seidel, C.; Gorman, C. Nitrate in Potable Water Supplies: Alternative Management Strategies. Crit. Rev. Environ. Sci. Technol. 2014, 44 (20), 2203-2286","metafile '07-07-26 Corrected Metafile Scale-up.xlsx', sheet 'Results Summary' row 25 (typed value 1.13 = 0.83 + 0.30); the sheet row carries no reference text",reported,"2010 USD per 1000 gal as reported; escalated to 2026 USD with the CPI-U by the code (D08 CPIU table), annualisation basis 7 % over 16 years. min and max not reported (N/A in the sheet)"
