group,direction,flow,amount,unit,source,source_locator,value_type,note
Electrocultivation,Input,Electricity,0.000023411972222222223,kWh,FCDI-BES inputs (1).xlsx,sheet 'Electrocultivation Inventory',,
Electrocultivation,Input,Granular activated carbon,0.1,kg,FCDI-BES inputs (1).xlsx,sheet 'Electrocultivation Inventory',,
Electrocultivation,Input,Cultivation Reactor,1,item,FCDI-BES inputs (1).xlsx,sheet 'Electrocultivation Inventory',,
Electrocultivation,Input,Anode Solution,0.5,L,FCDI-BES inputs (1).xlsx,sheet 'Electrocultivation Inventory',,
Electrocultivation,Input,Cathode Solution,0.5,L,FCDI-BES inputs (1).xlsx,sheet 'Electrocultivation Inventory',,
Electrocultivation,Output,Biofilm coated GAC,0.1,kg,FCDI-BES inputs (1).xlsx,sheet 'Electrocultivation Inventory',,
Electrocultivation,Output,Wastewater,1,L,FCDI-BES inputs (1).xlsx,sheet 'Electrocultivation Inventory',,
Anode Solution,Input,PBS,0.05,L,FCDI-BES inputs (1).xlsx,sheet 'Electrocultivation Inventory',,
Anode Solution,Input,Mineral Solution,0.012500000000000001,L,FCDI-BES inputs (1).xlsx,sheet 'Electrocultivation Inventory',,
Anode Solution,Input,Sodium Acetate,0.05,L,FCDI-BES inputs (1).xlsx,sheet 'Electrocultivation Inventory',,
Anode Solution,Input,Sodium Bicarbonate,0.05,L,FCDI-BES inputs (1).xlsx,sheet 'Electrocultivation Inventory',,
Anode Solution,Input,Sludge,0.3,L,FCDI-BES inputs (1).xlsx,sheet 'Electrocultivation Inventory',,
Anode Solution,Input,DI water,0.53700000000000003,kg,FCDI-BES inputs (1).xlsx,sheet 'Electrocultivation Inventory',,
Anode Solution,Output,Anode Solution,1,L,FCDI-BES inputs (1).xlsx,sheet 'Electrocultivation Inventory',,
Cathode Solution,Input,PBS,0.05,L,FCDI-BES inputs (1).xlsx,sheet 'Electrocultivation Inventory',,
Cathode Solution,Input,DI water,0.95,kg,FCDI-BES inputs (1).xlsx,sheet 'Electrocultivation Inventory',,
Cathode Solution,Output,Cathode Solution,1,L,FCDI-BES inputs (1).xlsx,sheet 'Electrocultivation Inventory',,
PBS Solution,Input,NH4Cl,0.00124,kg,FCDI-BES inputs (1).xlsx,sheet 'Electrocultivation Inventory',,
PBS Solution,Input,KH2PO4·H2O,0.009810000000000001,kg,FCDI-BES inputs (1).xlsx,sheet 'Electrocultivation Inventory',,
PBS Solution,Input,Na2HPO4,0.0183,kg,FCDI-BES inputs (1).xlsx,sheet 'Electrocultivation Inventory',,
PBS Solution,Input,KCl,0.00052000000000000006,kg,FCDI-BES inputs (1).xlsx,sheet 'Electrocultivation Inventory',,
PBS Solution,Input,DI water,0.97,kg,FCDI-BES inputs (1).xlsx,sheet 'Electrocultivation Inventory',,
PBS Solution,Output,PBS Solution,1,L,FCDI-BES inputs (1).xlsx,sheet 'Electrocultivation Inventory',,
Mineral Solution,Input,NTA,0.0015,kg,FCDI-BES inputs (1).xlsx,sheet 'Electrocultivation Inventory',,
Mineral Solution,Input,MgSO4,0.0030000000000000001,kg,FCDI-BES inputs (1).xlsx,sheet 'Electrocultivation Inventory',,
Mineral Solution,Input,MnSO4·H2O,0.00050000000000000001,kg,FCDI-BES inputs (1).xlsx,sheet 'Electrocultivation Inventory',,
Mineral Solution,Input,NaCl,0.001,kg,FCDI-BES inputs (1).xlsx,sheet 'Electrocultivation Inventory',,
Mineral Solution,Input,FeSO4·7H2O,0.0001,kg,FCDI-BES inputs (1).xlsx,sheet 'Electrocultivation Inventory',,
Mineral Solution,Input,CaCl2·2H2O,0.0001,kg,FCDI-BES inputs (1).xlsx,sheet 'Electrocultivation Inventory',,
Mineral Solution,Input,CoCl2·6H2O,0.0001,kg,FCDI-BES inputs (1).xlsx,sheet 'Electrocultivation Inventory',,
Mineral Solution,Input,DI water,0.99370000000000003,kg,FCDI-BES inputs (1).xlsx,sheet 'Electrocultivation Inventory',,
Mineral Solution,Output,Mineral Solution,1,L,FCDI-BES inputs (1).xlsx,sheet 'Electrocultivation Inventory',,
Sodium Acetate Solution,Input,acetic acid,0.01464,kg,FCDI-BES inputs (1).xlsx,sheet 'Electrocultivation Inventory',,
Sodium Acetate Solution,Input,Sodium Hydroxide,0.0097599999999999996,kg,FCDI-BES inputs (1).xlsx,sheet 'Electrocultivation Inventory',,
Sodium Acetate Solution,Input,DI water,0.97560799999999992,kg,FCDI-BES inputs (1).xlsx,sheet 'Electrocultivation Inventory',,
Sodium Acetate Solution,Output,Acetate Solution,1,L,FCDI-BES inputs (1).xlsx,sheet 'Electrocultivation Inventory',,
Sodium Bicarbonate Solution,Input,Sodium bicarbonate,0.02,kg,FCDI-BES inputs (1).xlsx,sheet 'Electrocultivation Inventory',,
Sodium Bicarbonate Solution,Input,DI water,0.98,kg,FCDI-BES inputs (1).xlsx,sheet 'Electrocultivation Inventory',,
Sodium Bicarbonate Solution,Output,Sodium Bicarbonate Solution,1,L,FCDI-BES inputs (1).xlsx,sheet 'Electrocultivation Inventory',,
Potassium Phosphate Hydrate,Input,electricity,0.00067333333333333329,kWh,FCDI-BES inputs (1).xlsx,sheet 'Electrocultivation Inventory',,
Potassium Phosphate Hydrate,Input,phosphoric acid,0.0062430000000000003,kg,FCDI-BES inputs (1).xlsx,sheet 'Electrocultivation Inventory',,
Potassium Phosphate Hydrate,Input,potassium hydroxide,0.0035672,kg,FCDI-BES inputs (1).xlsx,sheet 'Electrocultivation Inventory',,
Potassium Phosphate Hydrate,Input,DI water,0.0011016999999999999,kg,FCDI-BES inputs (1).xlsx,sheet 'Electrocultivation Inventory',,
Potassium Phosphate Hydrate,Output,KH2PO4·H2O,0.009810000000000001,kg,FCDI-BES inputs (1).xlsx,sheet 'Electrocultivation Inventory',,
