parameter,distribution,base,min,max,reference,source,source_locator,value_type,note
Faradaic Efficiency,triangular,0.63736391413787596,0.42490927609191731,0.95604587120681395,High-uncertainty assumption varied by plus/minus 50 percent,High-uncertainty assumption varied by plus/minus 50 percent,,,
Removal Efficiency,triangular,0.77884996072174972,0.51923330714783311,1,High-uncertainty assumption varied by plus/minus 50 percent,High-uncertainty assumption varied by plus/minus 50 percent,,,
Current Density (A/m2),triangular,0.3683519403050648,0.24556796020337651,0.55252791045759719,High-uncertainty assumption varied by plus/minus 50 percent,High-uncertainty assumption varied by plus/minus 50 percent,,,
Membrane Price ($/m2),triangular,250,157.02000000000001,468.75,Min and max from quotes for uncertainty analysis quotes 12 and 11,Min and max from quotes for uncertainty analysis quotes 12 and 11,,,
Electrode Price ($/kg),triangular,8,0.8,19.61,Min and max from quotes for uncertainty analysis quotes 3 and 2,Min and max from quotes for uncertainty analysis quotes 3 and 2,,,
Membrane Lifetime (yr),triangular,8.5,7,10,Ref: Jensen et al. Nitrate in Potable Water 2014 page 2242,Ref: Jensen et al. Nitrate in Potable Water 2014 page 2242,,,
Electrode Lifetime (yr),triangular,14,9.3333333333333339,21,High-uncertainty assumption; base 500 um/yr erosion varied by plus/minus 50 percent,High-uncertainty assumption; base 500 um/yr erosion varied by plus/minus 50 percent,,,
Site Preparation (% C_TBM),triangular,0.15,0.1,0.2,Ref: Seider Chapter 16 page 442 range 10-20 percent of total bare-module cost,Ref: Seider Chapter 16 page 442 range 10-20 percent of total bare-module cost,,,
Contingency Fee (% C_DPI),triangular,0.15,0.064285714285714279,0.35,Ref: Seider Chapter 16 page 443 high of 35 percent for typical designs,Ref: Seider Chapter 16 page 443 high of 35 percent for typical designs,,,
Contractor Fee (% C_DPI),triangular,0.03,0.025000000000000001,0.035999999999999997,Low-uncertainty assumption varied by plus/minus 20 percent,Low-uncertainty assumption varied by plus/minus 20 percent,,,
Land Estimation (% C_TDC),triangular,0.02,0.01666666666666667,0.024,Low-uncertainty assumption varied by plus/minus 20 percent,Low-uncertainty assumption varied by plus/minus 20 percent,,,
Startup Estimation (% C_TDC),triangular,0.1,0.02,0.3,Ref: Seider Chapter 16 page 443 min 2 percent well-known and 30 percent radically new,Ref: Seider Chapter 16 page 443 min 2 percent well-known and 30 percent radically new,,,
No. of Shift Operators,discrete,2,1,3,Ref: Seider Chapter 17 page 506 at least two operators; max conservative,Ref: Seider Chapter 17 page 506 at least two operators; max conservative,,,
Operator Wage ($/hr),triangular,29.58,18.696106799999999,42.341806499999997,Min and max from BLS 10th and 90th percentiles,Min and max from BLS 10th and 90th percentiles,,,
Operating Overhead (%),triangular,0.22800000000000001,0.19,0.27360000000000001,Low-uncertainty assumption varied by plus/minus 20 percent,Low-uncertainty assumption varied by plus/minus 20 percent,,,
Taxes & Insurance (% C_TDC),triangular,0.02,0.014999999999999999,0.044999999999999998,Ref: Seider Chapter 17 page 507 tax 1-3 percent plus insurance 0.5-1.5 percent,Ref: Seider Chapter 17 page 507 tax 1-3 percent plus insurance 0.5-1.5 percent,,,
Selenium Price ($/kg),triangular,28,4.5,77,Min and max from quotes for uncertainty analysis quotes 14 and 13,Min and max from quotes for uncertainty analysis quotes 14 and 13,,,
Reactor Bare-Module Factor (-),triangular,1.12,1.0,2.0,"H2A mechanical BoP factor 1.00 (min), H2A stack 1.12 (mode), previous Guthrie assumption 2.0 (max, FOAK); samples the FCDI-BES reactor factor only, the cultivation reactor keeps 1.12",DOE Hydrogen Program Record 19009 (2020); H2A v3.2018 User Guide (Penev et al. 2018); EquipmentGeneral v01 (superseded) value 2,"reference keys doe_record_19009, nrel_h2a_userguide; TEA revision spec section 2.1",assumed,samples the FCDI-BES reactor factor only (99.8 % of bare-module capital in v01); the cultivation reactor keeps 1.12
Current Density Retention (-),triangular,0.59,0.33,1.0,"Mode 0.59 = 11.7/19.7: area-specific internal resistances of 11.7 and 19.7 mOhm m2 of a zero-gap MEC at 9 and 100 cm2 (Kim et al. 2026), read as the fraction of current density retained at fixed voltage; min 0.33 (judgment: a threefold growth of area-specific resistance, the carbon-mesh anode resistance growth from 10 cm2 to 1 m2 reported by Kim et al. 2026 citing Cheng et al. 2014); max 1.0 (laboratory performance preserved between bench and pilot scale, Xu et al. 2021); the 20-stacking-unit pilot module of Köller et al. 2024 transferred salt at 0.46-0.52 of the rate of the same group's 2-unit modules, support for a mode of this order","Kim et al. 2026, Water Res. 294, 125503; Xu et al. 2021, Membranes 11, 333; Köller et al. 2024, Desalination 572, 117096","ProcessAssumptions v03 group Scale-up, parameter Current density retention; attribution per DESIGN_phase3 addendum A1 (fix round 2026-10-06); literature statements confirmed from the full texts on 2026-10-06 (Kim et al. 2026 p.1, p.2 and p.5; Köller et al. 2024 p.1 and p.5-6; PDFs supplied by the owner)",assumed,literature-informed judgment; the statements behind the bounds were confirmed from the full texts on 2026-10-06 (details in ProcessAssumptions v03)
Shunt Current Fraction (-),triangular,0.012,0.002,0.02,"Mode 1.2 % (judgment: at the low end of the 0.9-12 % of stack current reported as leakage for electrodialysis stacks and above the less than 0.1 % measured in a laboratory bipolar-membrane stack, Peng et al. 2022; slurry manifolds also conduct electronically); min 0.2 % and max 2 %: judgment",Peng et al. 2022; Linnartz et al. 2020; Köller et al. 2024,"ProcessAssumptions v03 group Scale-up, parameter Shunt current fraction; Peng et al. 2022 full text p.1 and p.7-8 (PDF supplied by the owner, 2026-10-06)",assumed,literature-informed judgment; the earlier basis (0.2-1.2 % in 25-50 cell-pair modules; 'about 1.7 times the EDBM maximum') is not in Peng et al. 2022 and was withdrawn on 2026-10-06; values unchanged
