parameter,value,unit,source_type,reference,source,source_locator,value_type,note
DI water,2.796315789473685,$/kg,vendor,"VWR, for 3.8L bottle, Feb 2026, added 10% for sales tax","VWR, for 3.8L bottle, Feb 2026, added 10% for sales tax",,reported,value_type mapped from source_type=vendor; author review pending
Na2HPO4,119.702,$/kg,vendor,"VWR, for 1.0 kg package, Feb 2026, added 10% for sales tax","VWR, for 1.0 kg package, Feb 2026, added 10% for sales tax",,reported,value_type mapped from source_type=vendor; author review pending
NaHCO3,65.538,$/kg,vendor,"VWR, for 0.5 kg package, Feb 2026, added 10% for sales tax","VWR, for 0.5 kg package, Feb 2026, added 10% for sales tax",,reported,value_type mapped from source_type=vendor; author review pending
CH3COOH,19.339047619047619,$/kg,vendor,"VWR, for 0.5L bottle with d = 1.05 g/mL, Feb 2026, added 10% for sales tax","VWR, for 0.5L bottle with d = 1.05 g/mL, Feb 2026, added 10% for sales tax",,reported,value_type mapped from source_type=vendor; author review pending
H3PO4,152.2048,$/kg,vendor,"VWR, for 2.5 kg package, Feb 2026, added 10% for sales tax","VWR, for 2.5 kg package, Feb 2026, added 10% for sales tax",,reported,value_type mapped from source_type=vendor; author review pending
NaOH,50.105,$/kg,vendor,"VWR, for 10 kg package, Feb 2026, added 10% for sales tax","VWR, for 10 kg package, Feb 2026, added 10% for sales tax",,reported,value_type mapped from source_type=vendor; author review pending
KOH,94.08235294117648,$/kg,vendor,"VWR, for 1.0 kg package of 85% purity, Feb 2026, added 10% for sales tax","VWR, for 1.0 kg package of 85% purity, Feb 2026, added 10% for sales tax",,reported,value_type mapped from source_type=vendor; author review pending
NH4Cl,52.5525,$/kg,vendor,"VWR, for 2 kg package, Feb 2026, added 10% for sales tax","VWR, for 2 kg package, Feb 2026, added 10% for sales tax",,reported,value_type mapped from source_type=vendor; author review pending
KCl,114.169,$/kg,vendor,"VWR, for 1.0 kg package, Feb 2026, added 10% for sales tax","VWR, for 1.0 kg package, Feb 2026, added 10% for sales tax",,reported,value_type mapped from source_type=vendor; author review pending
MgSO4,108.02,$/kg,vendor,"VWR, for 1.0 kg package, Feb 2026, added 10% for sales tax","VWR, for 1.0 kg package, Feb 2026, added 10% for sales tax",,reported,value_type mapped from source_type=vendor; author review pending
NTA,144.3068,$/kg,vendor,"VWR, for 2.5 kg package, Feb 2026, added 10% for sales tax","VWR, for 2.5 kg package, Feb 2026, added 10% for sales tax",,reported,value_type mapped from source_type=vendor; author review pending
NaCl,12.9052,$/kg,vendor,"VWR, for 2.5 kg package, Feb 2026, added 10% for sales tax","VWR, for 2.5 kg package, Feb 2026, added 10% for sales tax",,reported,value_type mapped from source_type=vendor; author review pending
MnSO4·H2O,119.724,$/kg,vendor,"VWR, for 0.5 kg package, Feb 2026, added 10% for sales tax","VWR, for 0.5 kg package, Feb 2026, added 10% for sales tax",,reported,value_type mapped from source_type=vendor; author review pending
FeSO4·7H2O,215.248,$/kg,vendor,"VWR, for 0.5 kg package, Feb 2026, added 10% for sales tax","VWR, for 0.5 kg package, Feb 2026, added 10% for sales tax",,reported,value_type mapped from source_type=vendor; author review pending
CaCl2·2H2O,147.334,$/kg,vendor,"VWR, for 1.0 kg package, Feb 2026, added 10% for sales tax","VWR, for 1.0 kg package, Feb 2026, added 10% for sales tax",,reported,value_type mapped from source_type=vendor; author review pending
CoCl2·6H2O,379.34600000000012,$/kg,vendor,"VWR, for 0.5 kg package, Feb 2026, added 10% for sales tax","VWR, for 0.5 kg package, Feb 2026, added 10% for sales tax",,reported,value_type mapped from source_type=vendor; author review pending
Na2SO4,87.4632,$/kg,vendor,"VWR, for 2.5 kg package, Feb 2026, added 10% for sales tax","VWR, for 2.5 kg package, Feb 2026, added 10% for sales tax",,reported,value_type mapped from source_type=vendor; author review pending
CH3COONa,74.46175,$/kg,vendor,"VWR, for 12.5 kg package, Feb 2026, added 10% for sales tax","VWR, for 12.5 kg package, Feb 2026, added 10% for sales tax",,reported,value_type mapped from source_type=vendor; author review pending
Selenium,28,$/kg,literature,Ref: USGS website,Ref: USGS website,,reported,value_type mapped from source_type=literature; author review pending
Electricity Price,0.0853,$/kWh,literature,"Ref: eia.gov, December 2025","Ref: eia.gov, December 2025",,reported,value_type mapped from source_type=literature; author review pending
