flow,dataset_id,ecoinvent_flow,ecoinvent_activity,location,ref_amount,ref_unit,impact_category,value,source_workbook,source,source_locator,value_type,note
acetic acid,default,"acetic acid, without water, in 98% solution state","market for acetic acid, without water, in 98% solution state",GLO,1,kg,Acidification (kg SO2 eq),1.0,,,,,
acetic acid,default,"acetic acid, without water, in 98% solution state","market for acetic acid, without water, in 98% solution state",GLO,1,kg,Carcinogenics (CTUh),1.0,,,,,
acetic acid,default,"acetic acid, without water, in 98% solution state","market for acetic acid, without water, in 98% solution state",GLO,1,kg,Ecotoxicity (CTUe),1.0,,,,,
acetic acid,default,"acetic acid, without water, in 98% solution state","market for acetic acid, without water, in 98% solution state",GLO,1,kg,Eutrophication (kg N eq),1.0,,,,,
acetic acid,default,"acetic acid, without water, in 98% solution state","market for acetic acid, without water, in 98% solution state",GLO,1,kg,Fossil fuel depletion (MJ surplus),1.0,,,,,
acetic acid,default,"acetic acid, without water, in 98% solution state","market for acetic acid, without water, in 98% solution state",GLO,1,kg,Global warming (kg CO2 eq),1.0,,,,,
acetic acid,default,"acetic acid, without water, in 98% solution state","market for acetic acid, without water, in 98% solution state",GLO,1,kg,Non carcinogenics (CTUh),1.0,,,,,
acetic acid,default,"acetic acid, without water, in 98% solution state","market for acetic acid, without water, in 98% solution state",GLO,1,kg,Ozone depletion (kg CFC-11 eq),1.0,,,,,
acetic acid,default,"acetic acid, without water, in 98% solution state","market for acetic acid, without water, in 98% solution state",GLO,1,kg,Respiratory effects (kg PM2.5 eq),1.0,,,,,
acetic acid,default,"acetic acid, without water, in 98% solution state","market for acetic acid, without water, in 98% solution state",GLO,1,kg,Smog (kg O3 eq),1.0,,,,,
cationic resin,default,cationic resin,market for cationic resin,RoW,1,kg,Acidification (kg SO2 eq),1.0,,,,,
cationic resin,default,cationic resin,market for cationic resin,RoW,1,kg,Carcinogenics (CTUh),1.0,,,,,
cationic resin,default,cationic resin,market for cationic resin,RoW,1,kg,Ecotoxicity (CTUe),1.0,,,,,
cationic resin,default,cationic resin,market for cationic resin,RoW,1,kg,Eutrophication (kg N eq),1.0,,,,,
cationic resin,default,cationic resin,market for cationic resin,RoW,1,kg,Fossil fuel depletion (MJ surplus),1.0,,,,,
cationic resin,default,cationic resin,market for cationic resin,RoW,1,kg,Global warming (kg CO2 eq),1.0,,,,,
cationic resin,default,cationic resin,market for cationic resin,RoW,1,kg,Non carcinogenics (CTUh),1.0,,,,,
cationic resin,default,cationic resin,market for cationic resin,RoW,1,kg,Ozone depletion (kg CFC-11 eq),1.0,,,,,
cationic resin,default,cationic resin,market for cationic resin,RoW,1,kg,Respiratory effects (kg PM2.5 eq),1.0,,,,,
cationic resin,default,cationic resin,market for cationic resin,RoW,1,kg,Smog (kg O3 eq),1.0,,,,,
electricity,default,"electricity, low voltage","market for electricity, low voltage",US-SERC,1,kWh,Acidification (kg SO2 eq),1.0,,,,,
electricity,default,"electricity, low voltage","market for electricity, low voltage",US-SERC,1,kWh,Carcinogenics (CTUh),1.0,,,,,
electricity,default,"electricity, low voltage","market for electricity, low voltage",US-SERC,1,kWh,Ecotoxicity (CTUe),1.0,,,,,
electricity,default,"electricity, low voltage","market for electricity, low voltage",US-SERC,1,kWh,Eutrophication (kg N eq),1.0,,,,,
electricity,default,"electricity, low voltage","market for electricity, low voltage",US-SERC,1,kWh,Fossil fuel depletion (MJ surplus),1.0,,,,,
electricity,default,"electricity, low voltage","market for electricity, low voltage",US-SERC,1,kWh,Global warming (kg CO2 eq),1.0,,,,,
electricity,default,"electricity, low voltage","market for electricity, low voltage",US-SERC,1,kWh,Non carcinogenics (CTUh),1.0,,,,,
electricity,default,"electricity, low voltage","market for electricity, low voltage",US-SERC,1,kWh,Ozone depletion (kg CFC-11 eq),1.0,,,,,
electricity,default,"electricity, low voltage","market for electricity, low voltage",US-SERC,1,kWh,Respiratory effects (kg PM2.5 eq),1.0,,,,,
electricity,default,"electricity, low voltage","market for electricity, low voltage",US-SERC,1,kWh,Smog (kg O3 eq),1.0,,,,,
flat pallet,default,EUR-flat pallet,market for EUR-flat pallet,RoW,1,item(s),Acidification (kg SO2 eq),1.0,,,,,
flat pallet,default,EUR-flat pallet,market for EUR-flat pallet,RoW,1,item(s),Carcinogenics (CTUh),1.0,,,,,
flat pallet,default,EUR-flat pallet,market for EUR-flat pallet,RoW,1,item(s),Ecotoxicity (CTUe),1.0,,,,,
flat pallet,default,EUR-flat pallet,market for EUR-flat pallet,RoW,1,item(s),Eutrophication (kg N eq),1.0,,,,,
flat pallet,default,EUR-flat pallet,market for EUR-flat pallet,RoW,1,item(s),Fossil fuel depletion (MJ surplus),1.0,,,,,
flat pallet,default,EUR-flat pallet,market for EUR-flat pallet,RoW,1,item(s),Global warming (kg CO2 eq),1.0,,,,,
flat pallet,default,EUR-flat pallet,market for EUR-flat pallet,RoW,1,item(s),Non carcinogenics (CTUh),1.0,,,,,
flat pallet,default,EUR-flat pallet,market for EUR-flat pallet,RoW,1,item(s),Ozone depletion (kg CFC-11 eq),1.0,,,,,
flat pallet,default,EUR-flat pallet,market for EUR-flat pallet,RoW,1,item(s),Respiratory effects (kg PM2.5 eq),1.0,,,,,
flat pallet,default,EUR-flat pallet,market for EUR-flat pallet,RoW,1,item(s),Smog (kg O3 eq),1.0,,,,,
granular activated carbon,default,"activated carbon, granular","market for activated carbon, granular",GLO,1,kg,Acidification (kg SO2 eq),1.0,,,,,
granular activated carbon,default,"activated carbon, granular","market for activated carbon, granular",GLO,1,kg,Carcinogenics (CTUh),1.0,,,,,
granular activated carbon,default,"activated carbon, granular","market for activated carbon, granular",GLO,1,kg,Ecotoxicity (CTUe),1.0,,,,,
granular activated carbon,default,"activated carbon, granular","market for activated carbon, granular",GLO,1,kg,Eutrophication (kg N eq),1.0,,,,,
granular activated carbon,default,"activated carbon, granular","market for activated carbon, granular",GLO,1,kg,Fossil fuel depletion (MJ surplus),1.0,,,,,
granular activated carbon,default,"activated carbon, granular","market for activated carbon, granular",GLO,1,kg,Global warming (kg CO2 eq),1.0,,,,,
granular activated carbon,default,"activated carbon, granular","market for activated carbon, granular",GLO,1,kg,Non carcinogenics (CTUh),1.0,,,,,
granular activated carbon,default,"activated carbon, granular","market for activated carbon, granular",GLO,1,kg,Ozone depletion (kg CFC-11 eq),1.0,,,,,
granular activated carbon,default,"activated carbon, granular","market for activated carbon, granular",GLO,1,kg,Respiratory effects (kg PM2.5 eq),1.0,,,,,
granular activated carbon,default,"activated carbon, granular","market for activated carbon, granular",GLO,1,kg,Smog (kg O3 eq),1.0,,,,,
graphite electrode,inputs_v1,graphite,market for graphite,GLO,1,kg,Acidification (kg SO2 eq),1.0,,,,,
graphite electrode,inputs_v1,graphite,market for graphite,GLO,1,kg,Carcinogenics (CTUh),1.0,,,,,
graphite electrode,inputs_v1,graphite,market for graphite,GLO,1,kg,Ecotoxicity (CTUe),1.0,,,,,
graphite electrode,inputs_v1,graphite,market for graphite,GLO,1,kg,Eutrophication (kg N eq),1.0,,,,,
graphite electrode,inputs_v1,graphite,market for graphite,GLO,1,kg,Fossil fuel depletion (MJ surplus),1.0,,,,,
graphite electrode,inputs_v1,graphite,market for graphite,GLO,1,kg,Global warming (kg CO2 eq),1.0,,,,,
graphite electrode,inputs_v1,graphite,market for graphite,GLO,1,kg,Non carcinogenics (CTUh),1.0,,,,,
graphite electrode,inputs_v1,graphite,market for graphite,GLO,1,kg,Ozone depletion (kg CFC-11 eq),1.0,,,,,
graphite electrode,inputs_v1,graphite,market for graphite,GLO,1,kg,Respiratory effects (kg PM2.5 eq),1.0,,,,,
graphite electrode,inputs_v1,graphite,market for graphite,GLO,1,kg,Smog (kg O3 eq),1.0,,,,,
graphite electrode,metafile_corrected,"anode, graphite, for lithium-ion battery","market for anode, graphite, for lithium-ion battery",GLO,1,kg,Acidification (kg SO2 eq),1.0,,,,,
graphite electrode,metafile_corrected,"anode, graphite, for lithium-ion battery","market for anode, graphite, for lithium-ion battery",GLO,1,kg,Carcinogenics (CTUh),1.0,,,,,
graphite electrode,metafile_corrected,"anode, graphite, for lithium-ion battery","market for anode, graphite, for lithium-ion battery",GLO,1,kg,Ecotoxicity (CTUe),1.0,,,,,
graphite electrode,metafile_corrected,"anode, graphite, for lithium-ion battery","market for anode, graphite, for lithium-ion battery",GLO,1,kg,Eutrophication (kg N eq),1.0,,,,,
graphite electrode,metafile_corrected,"anode, graphite, for lithium-ion battery","market for anode, graphite, for lithium-ion battery",GLO,1,kg,Fossil fuel depletion (MJ surplus),1.0,,,,,
graphite electrode,metafile_corrected,"anode, graphite, for lithium-ion battery","market for anode, graphite, for lithium-ion battery",GLO,1,kg,Global warming (kg CO2 eq),1.0,,,,,
graphite electrode,metafile_corrected,"anode, graphite, for lithium-ion battery","market for anode, graphite, for lithium-ion battery",GLO,1,kg,Non carcinogenics (CTUh),1.0,,,,,
graphite electrode,metafile_corrected,"anode, graphite, for lithium-ion battery","market for anode, graphite, for lithium-ion battery",GLO,1,kg,Ozone depletion (kg CFC-11 eq),1.0,,,,,
graphite electrode,metafile_corrected,"anode, graphite, for lithium-ion battery","market for anode, graphite, for lithium-ion battery",GLO,1,kg,Respiratory effects (kg PM2.5 eq),1.0,,,,,
graphite electrode,metafile_corrected,"anode, graphite, for lithium-ion battery","market for anode, graphite, for lithium-ion battery",GLO,1,kg,Smog (kg O3 eq),1.0,,,,,
heavy fuel oil,default,"heat, district or industrial, other than natural gas","heat production, heavy fuel oil, at industrial furnace 1MW",RoW,1,MJ,Acidification (kg SO2 eq),1.0,,,,,
heavy fuel oil,default,"heat, district or industrial, other than natural gas","heat production, heavy fuel oil, at industrial furnace 1MW",RoW,1,MJ,Carcinogenics (CTUh),1.0,,,,,
heavy fuel oil,default,"heat, district or industrial, other than natural gas","heat production, heavy fuel oil, at industrial furnace 1MW",RoW,1,MJ,Ecotoxicity (CTUe),1.0,,,,,
heavy fuel oil,default,"heat, district or industrial, other than natural gas","heat production, heavy fuel oil, at industrial furnace 1MW",RoW,1,MJ,Eutrophication (kg N eq),1.0,,,,,
heavy fuel oil,default,"heat, district or industrial, other than natural gas","heat production, heavy fuel oil, at industrial furnace 1MW",RoW,1,MJ,Fossil fuel depletion (MJ surplus),1.0,,,,,
heavy fuel oil,default,"heat, district or industrial, other than natural gas","heat production, heavy fuel oil, at industrial furnace 1MW",RoW,1,MJ,Global warming (kg CO2 eq),1.0,,,,,
heavy fuel oil,default,"heat, district or industrial, other than natural gas","heat production, heavy fuel oil, at industrial furnace 1MW",RoW,1,MJ,Non carcinogenics (CTUh),1.0,,,,,
heavy fuel oil,default,"heat, district or industrial, other than natural gas","heat production, heavy fuel oil, at industrial furnace 1MW",RoW,1,MJ,Ozone depletion (kg CFC-11 eq),1.0,,,,,
heavy fuel oil,default,"heat, district or industrial, other than natural gas","heat production, heavy fuel oil, at industrial furnace 1MW",RoW,1,MJ,Respiratory effects (kg PM2.5 eq),1.0,,,,,
heavy fuel oil,default,"heat, district or industrial, other than natural gas","heat production, heavy fuel oil, at industrial furnace 1MW",RoW,1,MJ,Smog (kg O3 eq),1.0,,,,,
lubricating oil,default,lubricating oil,market for lubricating oil,RoW,1,kg,Acidification (kg SO2 eq),1.0,,,,,
lubricating oil,default,lubricating oil,market for lubricating oil,RoW,1,kg,Carcinogenics (CTUh),1.0,,,,,
lubricating oil,default,lubricating oil,market for lubricating oil,RoW,1,kg,Ecotoxicity (CTUe),1.0,,,,,
lubricating oil,default,lubricating oil,market for lubricating oil,RoW,1,kg,Eutrophication (kg N eq),1.0,,,,,
lubricating oil,default,lubricating oil,market for lubricating oil,RoW,1,kg,Fossil fuel depletion (MJ surplus),1.0,,,,,
lubricating oil,default,lubricating oil,market for lubricating oil,RoW,1,kg,Global warming (kg CO2 eq),1.0,,,,,
lubricating oil,default,lubricating oil,market for lubricating oil,RoW,1,kg,Non carcinogenics (CTUh),1.0,,,,,
lubricating oil,default,lubricating oil,market for lubricating oil,RoW,1,kg,Ozone depletion (kg CFC-11 eq),1.0,,,,,
lubricating oil,default,lubricating oil,market for lubricating oil,RoW,1,kg,Respiratory effects (kg PM2.5 eq),1.0,,,,,
lubricating oil,default,lubricating oil,market for lubricating oil,RoW,1,kg,Smog (kg O3 eq),1.0,,,,,
municipal solid waste,default,municipal solid waste,"treatment of municipal solid waste, incineration",RoW,1,kg,Acidification (kg SO2 eq),1.0,,,,,
municipal solid waste,default,municipal solid waste,"treatment of municipal solid waste, incineration",RoW,1,kg,Carcinogenics (CTUh),1.0,,,,,
municipal solid waste,default,municipal solid waste,"treatment of municipal solid waste, incineration",RoW,1,kg,Ecotoxicity (CTUe),1.0,,,,,
municipal solid waste,default,municipal solid waste,"treatment of municipal solid waste, incineration",RoW,1,kg,Eutrophication (kg N eq),1.0,,,,,
municipal solid waste,default,municipal solid waste,"treatment of municipal solid waste, incineration",RoW,1,kg,Fossil fuel depletion (MJ surplus),1.0,,,,,
municipal solid waste,default,municipal solid waste,"treatment of municipal solid waste, incineration",RoW,1,kg,Global warming (kg CO2 eq),1.0,,,,,
municipal solid waste,default,municipal solid waste,"treatment of municipal solid waste, incineration",RoW,1,kg,Non carcinogenics (CTUh),1.0,,,,,
municipal solid waste,default,municipal solid waste,"treatment of municipal solid waste, incineration",RoW,1,kg,Ozone depletion (kg CFC-11 eq),1.0,,,,,
municipal solid waste,default,municipal solid waste,"treatment of municipal solid waste, incineration",RoW,1,kg,Respiratory effects (kg PM2.5 eq),1.0,,,,,
municipal solid waste,default,municipal solid waste,"treatment of municipal solid waste, incineration",RoW,1,kg,Smog (kg O3 eq),1.0,,,,,
natural gas,default,"heat, district or industrial, natural gas","heat production, natural gas, at industrial furnace >100kW",RoW,1,MJ,Acidification (kg SO2 eq),1.0,,,,,
natural gas,default,"heat, district or industrial, natural gas","heat production, natural gas, at industrial furnace >100kW",RoW,1,MJ,Carcinogenics (CTUh),1.0,,,,,
natural gas,default,"heat, district or industrial, natural gas","heat production, natural gas, at industrial furnace >100kW",RoW,1,MJ,Ecotoxicity (CTUe),1.0,,,,,
natural gas,default,"heat, district or industrial, natural gas","heat production, natural gas, at industrial furnace >100kW",RoW,1,MJ,Eutrophication (kg N eq),1.0,,,,,
natural gas,default,"heat, district or industrial, natural gas","heat production, natural gas, at industrial furnace >100kW",RoW,1,MJ,Fossil fuel depletion (MJ surplus),1.0,,,,,
natural gas,default,"heat, district or industrial, natural gas","heat production, natural gas, at industrial furnace >100kW",RoW,1,MJ,Global warming (kg CO2 eq),1.0,,,,,
natural gas,default,"heat, district or industrial, natural gas","heat production, natural gas, at industrial furnace >100kW",RoW,1,MJ,Non carcinogenics (CTUh),1.0,,,,,
natural gas,default,"heat, district or industrial, natural gas","heat production, natural gas, at industrial furnace >100kW",RoW,1,MJ,Ozone depletion (kg CFC-11 eq),1.0,,,,,
natural gas,default,"heat, district or industrial, natural gas","heat production, natural gas, at industrial furnace >100kW",RoW,1,MJ,Respiratory effects (kg PM2.5 eq),1.0,,,,,
natural gas,default,"heat, district or industrial, natural gas","heat production, natural gas, at industrial furnace >100kW",RoW,1,MJ,Smog (kg O3 eq),1.0,,,,,
particleboard,default,"particleboard, uncoated","market for particleboard, uncoated",RoW,1,m3,Acidification (kg SO2 eq),1.0,,,,,
particleboard,default,"particleboard, uncoated","market for particleboard, uncoated",RoW,1,m3,Carcinogenics (CTUh),1.0,,,,,
particleboard,default,"particleboard, uncoated","market for particleboard, uncoated",RoW,1,m3,Ecotoxicity (CTUe),1.0,,,,,
particleboard,default,"particleboard, uncoated","market for particleboard, uncoated",RoW,1,m3,Eutrophication (kg N eq),1.0,,,,,
particleboard,default,"particleboard, uncoated","market for particleboard, uncoated",RoW,1,m3,Fossil fuel depletion (MJ surplus),1.0,,,,,
particleboard,default,"particleboard, uncoated","market for particleboard, uncoated",RoW,1,m3,Global warming (kg CO2 eq),1.0,,,,,
particleboard,default,"particleboard, uncoated","market for particleboard, uncoated",RoW,1,m3,Non carcinogenics (CTUh),1.0,,,,,
particleboard,default,"particleboard, uncoated","market for particleboard, uncoated",RoW,1,m3,Ozone depletion (kg CFC-11 eq),1.0,,,,,
particleboard,default,"particleboard, uncoated","market for particleboard, uncoated",RoW,1,m3,Respiratory effects (kg PM2.5 eq),1.0,,,,,
particleboard,default,"particleboard, uncoated","market for particleboard, uncoated",RoW,1,m3,Smog (kg O3 eq),1.0,,,,,
phosphoric acid,default,"phosphoric acid, industrial grade, without water, in 85% solution state","market for phosphoric acid, industrial grade, without water, in 85% solution state",GLO,1,kg,Acidification (kg SO2 eq),1.0,,,,,
phosphoric acid,default,"phosphoric acid, industrial grade, without water, in 85% solution state","market for phosphoric acid, industrial grade, without water, in 85% solution state",GLO,1,kg,Carcinogenics (CTUh),1.0,,,,,
phosphoric acid,default,"phosphoric acid, industrial grade, without water, in 85% solution state","market for phosphoric acid, industrial grade, without water, in 85% solution state",GLO,1,kg,Ecotoxicity (CTUe),1.0,,,,,
phosphoric acid,default,"phosphoric acid, industrial grade, without water, in 85% solution state","market for phosphoric acid, industrial grade, without water, in 85% solution state",GLO,1,kg,Eutrophication (kg N eq),1.0,,,,,
phosphoric acid,default,"phosphoric acid, industrial grade, without water, in 85% solution state","market for phosphoric acid, industrial grade, without water, in 85% solution state",GLO,1,kg,Fossil fuel depletion (MJ surplus),1.0,,,,,
phosphoric acid,default,"phosphoric acid, industrial grade, without water, in 85% solution state","market for phosphoric acid, industrial grade, without water, in 85% solution state",GLO,1,kg,Global warming (kg CO2 eq),1.0,,,,,
phosphoric acid,default,"phosphoric acid, industrial grade, without water, in 85% solution state","market for phosphoric acid, industrial grade, without water, in 85% solution state",GLO,1,kg,Non carcinogenics (CTUh),1.0,,,,,
phosphoric acid,default,"phosphoric acid, industrial grade, without water, in 85% solution state","market for phosphoric acid, industrial grade, without water, in 85% solution state",GLO,1,kg,Ozone depletion (kg CFC-11 eq),1.0,,,,,
phosphoric acid,default,"phosphoric acid, industrial grade, without water, in 85% solution state","market for phosphoric acid, industrial grade, without water, in 85% solution state",GLO,1,kg,Respiratory effects (kg PM2.5 eq),1.0,,,,,
phosphoric acid,default,"phosphoric acid, industrial grade, without water, in 85% solution state","market for phosphoric acid, industrial grade, without water, in 85% solution state",GLO,1,kg,Smog (kg O3 eq),1.0,,,,,
polyethylene,default,"polyethylene, low density, granulate","market for polyethylene, low density, granulate",GLO,1,kg,Acidification (kg SO2 eq),1.0,,,,,
polyethylene,default,"polyethylene, low density, granulate","market for polyethylene, low density, granulate",GLO,1,kg,Carcinogenics (CTUh),1.0,,,,,
polyethylene,default,"polyethylene, low density, granulate","market for polyethylene, low density, granulate",GLO,1,kg,Ecotoxicity (CTUe),1.0,,,,,
polyethylene,default,"polyethylene, low density, granulate","market for polyethylene, low density, granulate",GLO,1,kg,Eutrophication (kg N eq),1.0,,,,,
polyethylene,default,"polyethylene, low density, granulate","market for polyethylene, low density, granulate",GLO,1,kg,Fossil fuel depletion (MJ surplus),1.0,,,,,
polyethylene,default,"polyethylene, low density, granulate","market for polyethylene, low density, granulate",GLO,1,kg,Global warming (kg CO2 eq),1.0,,,,,
polyethylene,default,"polyethylene, low density, granulate","market for polyethylene, low density, granulate",GLO,1,kg,Non carcinogenics (CTUh),1.0,,,,,
polyethylene,default,"polyethylene, low density, granulate","market for polyethylene, low density, granulate",GLO,1,kg,Ozone depletion (kg CFC-11 eq),1.0,,,,,
polyethylene,default,"polyethylene, low density, granulate","market for polyethylene, low density, granulate",GLO,1,kg,Respiratory effects (kg PM2.5 eq),1.0,,,,,
polyethylene,default,"polyethylene, low density, granulate","market for polyethylene, low density, granulate",GLO,1,kg,Smog (kg O3 eq),1.0,,,,,
polymethyl methacrylate,default,"polymethyl methacrylate, sheet","market for polymethyl methacrylate, sheet",GLO,1,kg,Acidification (kg SO2 eq),1.0,,,,,
polymethyl methacrylate,default,"polymethyl methacrylate, sheet","market for polymethyl methacrylate, sheet",GLO,1,kg,Carcinogenics (CTUh),1.0,,,,,
polymethyl methacrylate,default,"polymethyl methacrylate, sheet","market for polymethyl methacrylate, sheet",GLO,1,kg,Ecotoxicity (CTUe),1.0,,,,,
polymethyl methacrylate,default,"polymethyl methacrylate, sheet","market for polymethyl methacrylate, sheet",GLO,1,kg,Eutrophication (kg N eq),1.0,,,,,
polymethyl methacrylate,default,"polymethyl methacrylate, sheet","market for polymethyl methacrylate, sheet",GLO,1,kg,Fossil fuel depletion (MJ surplus),1.0,,,,,
polymethyl methacrylate,default,"polymethyl methacrylate, sheet","market for polymethyl methacrylate, sheet",GLO,1,kg,Global warming (kg CO2 eq),1.0,,,,,
polymethyl methacrylate,default,"polymethyl methacrylate, sheet","market for polymethyl methacrylate, sheet",GLO,1,kg,Non carcinogenics (CTUh),1.0,,,,,
polymethyl methacrylate,default,"polymethyl methacrylate, sheet","market for polymethyl methacrylate, sheet",GLO,1,kg,Ozone depletion (kg CFC-11 eq),1.0,,,,,
polymethyl methacrylate,default,"polymethyl methacrylate, sheet","market for polymethyl methacrylate, sheet",GLO,1,kg,Respiratory effects (kg PM2.5 eq),1.0,,,,,
polymethyl methacrylate,default,"polymethyl methacrylate, sheet","market for polymethyl methacrylate, sheet",GLO,1,kg,Smog (kg O3 eq),1.0,,,,,
polypropylene,default,"polypropylene, granulate","market for polypropylene, granulate",GLO,1,kg,Acidification (kg SO2 eq),1.0,,,,,
polypropylene,default,"polypropylene, granulate","market for polypropylene, granulate",GLO,1,kg,Carcinogenics (CTUh),1.0,,,,,
polypropylene,default,"polypropylene, granulate","market for polypropylene, granulate",GLO,1,kg,Ecotoxicity (CTUe),1.0,,,,,
polypropylene,default,"polypropylene, granulate","market for polypropylene, granulate",GLO,1,kg,Eutrophication (kg N eq),1.0,,,,,
polypropylene,default,"polypropylene, granulate","market for polypropylene, granulate",GLO,1,kg,Fossil fuel depletion (MJ surplus),1.0,,,,,
polypropylene,default,"polypropylene, granulate","market for polypropylene, granulate",GLO,1,kg,Global warming (kg CO2 eq),1.0,,,,,
polypropylene,default,"polypropylene, granulate","market for polypropylene, granulate",GLO,1,kg,Non carcinogenics (CTUh),1.0,,,,,
polypropylene,default,"polypropylene, granulate","market for polypropylene, granulate",GLO,1,kg,Ozone depletion (kg CFC-11 eq),1.0,,,,,
polypropylene,default,"polypropylene, granulate","market for polypropylene, granulate",GLO,1,kg,Respiratory effects (kg PM2.5 eq),1.0,,,,,
polypropylene,default,"polypropylene, granulate","market for polypropylene, granulate",GLO,1,kg,Smog (kg O3 eq),1.0,,,,,
selenium,inputs_v1,selenium,"processing of anode slime from electrorefining of copper, anode",GLO,1,kg,Acidification (kg SO2 eq),1.0,,,,,
selenium,inputs_v1,selenium,"processing of anode slime from electrorefining of copper, anode",GLO,1,kg,Carcinogenics (CTUh),1.0,,,,,
selenium,inputs_v1,selenium,"processing of anode slime from electrorefining of copper, anode",GLO,1,kg,Ecotoxicity (CTUe),1.0,,,,,
selenium,inputs_v1,selenium,"processing of anode slime from electrorefining of copper, anode",GLO,1,kg,Eutrophication (kg N eq),1.0,,,,,
selenium,inputs_v1,selenium,"processing of anode slime from electrorefining of copper, anode",GLO,1,kg,Fossil fuel depletion (MJ surplus),1.0,,,,,
selenium,inputs_v1,selenium,"processing of anode slime from electrorefining of copper, anode",GLO,1,kg,Global warming (kg CO2 eq),1.0,,,,,
selenium,inputs_v1,selenium,"processing of anode slime from electrorefining of copper, anode",GLO,1,kg,Non carcinogenics (CTUh),1.0,,,,,
selenium,inputs_v1,selenium,"processing of anode slime from electrorefining of copper, anode",GLO,1,kg,Ozone depletion (kg CFC-11 eq),1.0,,,,,
selenium,inputs_v1,selenium,"processing of anode slime from electrorefining of copper, anode",GLO,1,kg,Respiratory effects (kg PM2.5 eq),1.0,,,,,
selenium,inputs_v1,selenium,"processing of anode slime from electrorefining of copper, anode",GLO,1,kg,Smog (kg O3 eq),1.0,,,,,
selenium,metafile_corrected,selenium,market for selenium,GLO,1,kg,Acidification (kg SO2 eq),1.0,,,,,
selenium,metafile_corrected,selenium,market for selenium,GLO,1,kg,Carcinogenics (CTUh),1.0,,,,,
selenium,metafile_corrected,selenium,market for selenium,GLO,1,kg,Ecotoxicity (CTUe),1.0,,,,,
selenium,metafile_corrected,selenium,market for selenium,GLO,1,kg,Eutrophication (kg N eq),1.0,,,,,
selenium,metafile_corrected,selenium,market for selenium,GLO,1,kg,Fossil fuel depletion (MJ surplus),1.0,,,,,
selenium,metafile_corrected,selenium,market for selenium,GLO,1,kg,Global warming (kg CO2 eq),1.0,,,,,
selenium,metafile_corrected,selenium,market for selenium,GLO,1,kg,Non carcinogenics (CTUh),1.0,,,,,
selenium,metafile_corrected,selenium,market for selenium,GLO,1,kg,Ozone depletion (kg CFC-11 eq),1.0,,,,,
selenium,metafile_corrected,selenium,market for selenium,GLO,1,kg,Respiratory effects (kg PM2.5 eq),1.0,,,,,
selenium,metafile_corrected,selenium,market for selenium,GLO,1,kg,Smog (kg O3 eq),1.0,,,,,
sodium bicarbonate,default,sodium bicarbonate,market for sodium bicarbonate,GLO,1,kg,Acidification (kg SO2 eq),1.0,,,,,
sodium bicarbonate,default,sodium bicarbonate,market for sodium bicarbonate,GLO,1,kg,Carcinogenics (CTUh),1.0,,,,,
sodium bicarbonate,default,sodium bicarbonate,market for sodium bicarbonate,GLO,1,kg,Ecotoxicity (CTUe),1.0,,,,,
sodium bicarbonate,default,sodium bicarbonate,market for sodium bicarbonate,GLO,1,kg,Eutrophication (kg N eq),1.0,,,,,
sodium bicarbonate,default,sodium bicarbonate,market for sodium bicarbonate,GLO,1,kg,Fossil fuel depletion (MJ surplus),1.0,,,,,
sodium bicarbonate,default,sodium bicarbonate,market for sodium bicarbonate,GLO,1,kg,Global warming (kg CO2 eq),1.0,,,,,
sodium bicarbonate,default,sodium bicarbonate,market for sodium bicarbonate,GLO,1,kg,Non carcinogenics (CTUh),1.0,,,,,
sodium bicarbonate,default,sodium bicarbonate,market for sodium bicarbonate,GLO,1,kg,Ozone depletion (kg CFC-11 eq),1.0,,,,,
sodium bicarbonate,default,sodium bicarbonate,market for sodium bicarbonate,GLO,1,kg,Respiratory effects (kg PM2.5 eq),1.0,,,,,
sodium bicarbonate,default,sodium bicarbonate,market for sodium bicarbonate,GLO,1,kg,Smog (kg O3 eq),1.0,,,,,
sodium dihydrogen phosphate,default,sodium phosphate,market for sodium phosphate,RoW,1,kg,Acidification (kg SO2 eq),1.0,,,,,
sodium dihydrogen phosphate,default,sodium phosphate,market for sodium phosphate,RoW,1,kg,Carcinogenics (CTUh),1.0,,,,,
sodium dihydrogen phosphate,default,sodium phosphate,market for sodium phosphate,RoW,1,kg,Ecotoxicity (CTUe),1.0,,,,,
sodium dihydrogen phosphate,default,sodium phosphate,market for sodium phosphate,RoW,1,kg,Eutrophication (kg N eq),1.0,,,,,
sodium dihydrogen phosphate,default,sodium phosphate,market for sodium phosphate,RoW,1,kg,Fossil fuel depletion (MJ surplus),1.0,,,,,
sodium dihydrogen phosphate,default,sodium phosphate,market for sodium phosphate,RoW,1,kg,Global warming (kg CO2 eq),1.0,,,,,
sodium dihydrogen phosphate,default,sodium phosphate,market for sodium phosphate,RoW,1,kg,Non carcinogenics (CTUh),1.0,,,,,
sodium dihydrogen phosphate,default,sodium phosphate,market for sodium phosphate,RoW,1,kg,Ozone depletion (kg CFC-11 eq),1.0,,,,,
sodium dihydrogen phosphate,default,sodium phosphate,market for sodium phosphate,RoW,1,kg,Respiratory effects (kg PM2.5 eq),1.0,,,,,
sodium dihydrogen phosphate,default,sodium phosphate,market for sodium phosphate,RoW,1,kg,Smog (kg O3 eq),1.0,,,,,
sodium hydroxide,default,"sodium hydroxide, without water, in 50% solution state","market for sodium hydroxide, without water, in 50% solution state",GLO,1,kg,Acidification (kg SO2 eq),1.0,,,,,
sodium hydroxide,default,"sodium hydroxide, without water, in 50% solution state","market for sodium hydroxide, without water, in 50% solution state",GLO,1,kg,Carcinogenics (CTUh),1.0,,,,,
sodium hydroxide,default,"sodium hydroxide, without water, in 50% solution state","market for sodium hydroxide, without water, in 50% solution state",GLO,1,kg,Ecotoxicity (CTUe),1.0,,,,,
sodium hydroxide,default,"sodium hydroxide, without water, in 50% solution state","market for sodium hydroxide, without water, in 50% solution state",GLO,1,kg,Eutrophication (kg N eq),1.0,,,,,
sodium hydroxide,default,"sodium hydroxide, without water, in 50% solution state","market for sodium hydroxide, without water, in 50% solution state",GLO,1,kg,Fossil fuel depletion (MJ surplus),1.0,,,,,
sodium hydroxide,default,"sodium hydroxide, without water, in 50% solution state","market for sodium hydroxide, without water, in 50% solution state",GLO,1,kg,Global warming (kg CO2 eq),1.0,,,,,
sodium hydroxide,default,"sodium hydroxide, without water, in 50% solution state","market for sodium hydroxide, without water, in 50% solution state",GLO,1,kg,Non carcinogenics (CTUh),1.0,,,,,
sodium hydroxide,default,"sodium hydroxide, without water, in 50% solution state","market for sodium hydroxide, without water, in 50% solution state",GLO,1,kg,Ozone depletion (kg CFC-11 eq),1.0,,,,,
sodium hydroxide,default,"sodium hydroxide, without water, in 50% solution state","market for sodium hydroxide, without water, in 50% solution state",GLO,1,kg,Respiratory effects (kg PM2.5 eq),1.0,,,,,
sodium hydroxide,default,"sodium hydroxide, without water, in 50% solution state","market for sodium hydroxide, without water, in 50% solution state",GLO,1,kg,Smog (kg O3 eq),1.0,,,,,
sodium sulfate,default,"sodium sulfate, anhydrite","market for sodium sulfate, anhydrite",RoW,1,kg,Acidification (kg SO2 eq),1.0,,,,,
sodium sulfate,default,"sodium sulfate, anhydrite","market for sodium sulfate, anhydrite",RoW,1,kg,Carcinogenics (CTUh),1.0,,,,,
sodium sulfate,default,"sodium sulfate, anhydrite","market for sodium sulfate, anhydrite",RoW,1,kg,Ecotoxicity (CTUe),1.0,,,,,
sodium sulfate,default,"sodium sulfate, anhydrite","market for sodium sulfate, anhydrite",RoW,1,kg,Eutrophication (kg N eq),1.0,,,,,
sodium sulfate,default,"sodium sulfate, anhydrite","market for sodium sulfate, anhydrite",RoW,1,kg,Fossil fuel depletion (MJ surplus),1.0,,,,,
sodium sulfate,default,"sodium sulfate, anhydrite","market for sodium sulfate, anhydrite",RoW,1,kg,Global warming (kg CO2 eq),1.0,,,,,
sodium sulfate,default,"sodium sulfate, anhydrite","market for sodium sulfate, anhydrite",RoW,1,kg,Non carcinogenics (CTUh),1.0,,,,,
sodium sulfate,default,"sodium sulfate, anhydrite","market for sodium sulfate, anhydrite",RoW,1,kg,Ozone depletion (kg CFC-11 eq),1.0,,,,,
sodium sulfate,default,"sodium sulfate, anhydrite","market for sodium sulfate, anhydrite",RoW,1,kg,Respiratory effects (kg PM2.5 eq),1.0,,,,,
sodium sulfate,default,"sodium sulfate, anhydrite","market for sodium sulfate, anhydrite",RoW,1,kg,Smog (kg O3 eq),1.0,,,,,
steel,default,"steel, low-alloyed","market for steel, low-alloyed",GLO,1,kg,Acidification (kg SO2 eq),1.0,,,,,
steel,default,"steel, low-alloyed","market for steel, low-alloyed",GLO,1,kg,Carcinogenics (CTUh),1.0,,,,,
steel,default,"steel, low-alloyed","market for steel, low-alloyed",GLO,1,kg,Ecotoxicity (CTUe),1.0,,,,,
steel,default,"steel, low-alloyed","market for steel, low-alloyed",GLO,1,kg,Eutrophication (kg N eq),1.0,,,,,
steel,default,"steel, low-alloyed","market for steel, low-alloyed",GLO,1,kg,Fossil fuel depletion (MJ surplus),1.0,,,,,
steel,default,"steel, low-alloyed","market for steel, low-alloyed",GLO,1,kg,Global warming (kg CO2 eq),1.0,,,,,
steel,default,"steel, low-alloyed","market for steel, low-alloyed",GLO,1,kg,Non carcinogenics (CTUh),1.0,,,,,
steel,default,"steel, low-alloyed","market for steel, low-alloyed",GLO,1,kg,Ozone depletion (kg CFC-11 eq),1.0,,,,,
steel,default,"steel, low-alloyed","market for steel, low-alloyed",GLO,1,kg,Respiratory effects (kg PM2.5 eq),1.0,,,,,
steel,default,"steel, low-alloyed","market for steel, low-alloyed",GLO,1,kg,Smog (kg O3 eq),1.0,,,,,
transport,default,"transport, freight, lorry 7.5-16 metric ton, EURO1","market for transport, freight, lorry 7.5-16 metric ton, EURO1",ZA,1,t.km,Acidification (kg SO2 eq),1.0,,,,,
transport,default,"transport, freight, lorry 7.5-16 metric ton, EURO1","market for transport, freight, lorry 7.5-16 metric ton, EURO1",ZA,1,t.km,Carcinogenics (CTUh),1.0,,,,,
transport,default,"transport, freight, lorry 7.5-16 metric ton, EURO1","market for transport, freight, lorry 7.5-16 metric ton, EURO1",ZA,1,t.km,Ecotoxicity (CTUe),1.0,,,,,
transport,default,"transport, freight, lorry 7.5-16 metric ton, EURO1","market for transport, freight, lorry 7.5-16 metric ton, EURO1",ZA,1,t.km,Eutrophication (kg N eq),1.0,,,,,
transport,default,"transport, freight, lorry 7.5-16 metric ton, EURO1","market for transport, freight, lorry 7.5-16 metric ton, EURO1",ZA,1,t.km,Fossil fuel depletion (MJ surplus),1.0,,,,,
transport,default,"transport, freight, lorry 7.5-16 metric ton, EURO1","market for transport, freight, lorry 7.5-16 metric ton, EURO1",ZA,1,t.km,Global warming (kg CO2 eq),1.0,,,,,
transport,default,"transport, freight, lorry 7.5-16 metric ton, EURO1","market for transport, freight, lorry 7.5-16 metric ton, EURO1",ZA,1,t.km,Non carcinogenics (CTUh),1.0,,,,,
transport,default,"transport, freight, lorry 7.5-16 metric ton, EURO1","market for transport, freight, lorry 7.5-16 metric ton, EURO1",ZA,1,t.km,Ozone depletion (kg CFC-11 eq),1.0,,,,,
transport,default,"transport, freight, lorry 7.5-16 metric ton, EURO1","market for transport, freight, lorry 7.5-16 metric ton, EURO1",ZA,1,t.km,Respiratory effects (kg PM2.5 eq),1.0,,,,,
transport,default,"transport, freight, lorry 7.5-16 metric ton, EURO1","market for transport, freight, lorry 7.5-16 metric ton, EURO1",ZA,1,t.km,Smog (kg O3 eq),1.0,,,,,
ultrapure water,default,"water, ultrapure","market for water, ultrapure",RoW,1,kg,Acidification (kg SO2 eq),1.0,,,,,
ultrapure water,default,"water, ultrapure","market for water, ultrapure",RoW,1,kg,Carcinogenics (CTUh),1.0,,,,,
ultrapure water,default,"water, ultrapure","market for water, ultrapure",RoW,1,kg,Ecotoxicity (CTUe),1.0,,,,,
ultrapure water,default,"water, ultrapure","market for water, ultrapure",RoW,1,kg,Eutrophication (kg N eq),1.0,,,,,
ultrapure water,default,"water, ultrapure","market for water, ultrapure",RoW,1,kg,Fossil fuel depletion (MJ surplus),1.0,,,,,
ultrapure water,default,"water, ultrapure","market for water, ultrapure",RoW,1,kg,Global warming (kg CO2 eq),1.0,,,,,
ultrapure water,default,"water, ultrapure","market for water, ultrapure",RoW,1,kg,Non carcinogenics (CTUh),1.0,,,,,
ultrapure water,default,"water, ultrapure","market for water, ultrapure",RoW,1,kg,Ozone depletion (kg CFC-11 eq),1.0,,,,,
ultrapure water,default,"water, ultrapure","market for water, ultrapure",RoW,1,kg,Respiratory effects (kg PM2.5 eq),1.0,,,,,
ultrapure water,default,"water, ultrapure","market for water, ultrapure",RoW,1,kg,Smog (kg O3 eq),1.0,,,,,
wastewater,default,"wastewater, from residence","treatment of wastewater, from residence, capacity 1.1E10l/year",RoW,1,m3,Acidification (kg SO2 eq),1.0,,,,,
wastewater,default,"wastewater, from residence","treatment of wastewater, from residence, capacity 1.1E10l/year",RoW,1,m3,Carcinogenics (CTUh),1.0,,,,,
wastewater,default,"wastewater, from residence","treatment of wastewater, from residence, capacity 1.1E10l/year",RoW,1,m3,Ecotoxicity (CTUe),1.0,,,,,
wastewater,default,"wastewater, from residence","treatment of wastewater, from residence, capacity 1.1E10l/year",RoW,1,m3,Eutrophication (kg N eq),1.0,,,,,
wastewater,default,"wastewater, from residence","treatment of wastewater, from residence, capacity 1.1E10l/year",RoW,1,m3,Fossil fuel depletion (MJ surplus),1.0,,,,,
wastewater,default,"wastewater, from residence","treatment of wastewater, from residence, capacity 1.1E10l/year",RoW,1,m3,Global warming (kg CO2 eq),1.0,,,,,
wastewater,default,"wastewater, from residence","treatment of wastewater, from residence, capacity 1.1E10l/year",RoW,1,m3,Non carcinogenics (CTUh),1.0,,,,,
wastewater,default,"wastewater, from residence","treatment of wastewater, from residence, capacity 1.1E10l/year",RoW,1,m3,Ozone depletion (kg CFC-11 eq),1.0,,,,,
wastewater,default,"wastewater, from residence","treatment of wastewater, from residence, capacity 1.1E10l/year",RoW,1,m3,Respiratory effects (kg PM2.5 eq),1.0,,,,,
wastewater,default,"wastewater, from residence","treatment of wastewater, from residence, capacity 1.1E10l/year",RoW,1,m3,Smog (kg O3 eq),1.0,,,,,
water,default,tap water,market group for tap water,GLO,1,kg,Acidification (kg SO2 eq),1.0,,,,,
water,default,tap water,market group for tap water,GLO,1,kg,Carcinogenics (CTUh),1.0,,,,,
water,default,tap water,market group for tap water,GLO,1,kg,Ecotoxicity (CTUe),1.0,,,,,
water,default,tap water,market group for tap water,GLO,1,kg,Eutrophication (kg N eq),1.0,,,,,
water,default,tap water,market group for tap water,GLO,1,kg,Fossil fuel depletion (MJ surplus),1.0,,,,,
water,default,tap water,market group for tap water,GLO,1,kg,Global warming (kg CO2 eq),1.0,,,,,
water,default,tap water,market group for tap water,GLO,1,kg,Non carcinogenics (CTUh),1.0,,,,,
water,default,tap water,market group for tap water,GLO,1,kg,Ozone depletion (kg CFC-11 eq),1.0,,,,,
water,default,tap water,market group for tap water,GLO,1,kg,Respiratory effects (kg PM2.5 eq),1.0,,,,,
water,default,tap water,market group for tap water,GLO,1,kg,Smog (kg O3 eq),1.0,,,,,
