equipment_type,model_name,min_flowrate_m3hr,max_flowrate_m3hr,max_head_m,purchase_cost_usd,nominal_power_kW,notes,source,source_locator,value_type,note
Pump,MSV1-3-1P,0.01,2.84,24.4,704.21,0.37,Vendor catalogue,Vendor catalogue,,,
Pump,MSV3-3-3P,2.84,5.22,26.8,729.12,0.75,Vendor catalogue,Vendor catalogue,,,
Pump,489C-98,5.22,9.5399999999999991,23.47,822.08,0.56000000000000005,Vendor catalogue,Vendor catalogue,,,
Pump,62212002,9.5399999999999991,17.03,36,1314,2.2400000000000002,Vendor catalogue,Vendor catalogue,,,
Pump,62071516,17.03,25.44,80.47,1836,5.59,Vendor catalogue,Vendor catalogue,,,
Pump,3151-98,25.44,39.520000000000003,25,1619.86,2.2400000000000002,Vendor catalogue,Vendor catalogue,,,
Pump,62212045,39.520000000000003,52.47,68.58,2362,7.5,Vendor catalogue,Vendor catalogue,,,
Pump,4264-95,52.47,99.93,28.65,2121.13,5.59,Vendor catalogue,Vendor catalogue,,,
Pump,4261-98,99.93,113.56,29.87,2147.2600000000002,7.5,Vendor catalogue,Vendor catalogue,,,
Pump,62212173,113.56,215.77,32.92,5848,14.91,Vendor catalogue,Vendor catalogue,,,
Pump,B5ZPBH,215.77,367.94,18.899999999999999,8063,11.19,Vendor catalogue,Vendor catalogue,,,
Pump,B6ZPHHS,367.94,563.27,20.12,9191,18.64,Vendor catalogue,Vendor catalogue,,,
Pump,B8GPBMS,563.27,670.01,17.68,21526,22.37,Vendor catalogue,Vendor catalogue,,,
Pump,B10GPBMS,670.01,1056.1199999999999,16.760000000000002,36591,29.83,Vendor catalogue,Vendor catalogue,,,
