flow_name,flow_class,unit,factor_source,provider_process,database,default_contribution_group,used_by,alias_of,note
acetic acid,technosphere_input,kg,ecoinvent37,"market for acetic acid, without water, in 98% solution state, GLO",ecoinvent 3.7 cut-off,,LCA-FCDI_D01_Reference_TRACIFactorsEcoinvent37_v01.csv|LCA-FCDI_D04_Reference_ElectrocultivationInventory_v01.csv|LCA-FCDI_D04_Reference_ForegroundProcesses_v01.csv,,input of the Sodium Acetate foreground process; in the electrocultivation inventory it is priced only (price key CH3COOH)
cationic resin,technosphere_input,kg,ecoinvent37,"market for cationic resin, RoW",ecoinvent 3.7 cut-off,,LCA-FCDI_D01_Reference_TRACIFactorsEcoinvent37_v01.csv|LCA-FCDI_D04_Reference_ForegroundProcesses_v01.csv,,input of the Membrane foreground process
electricity,technosphere_input,kWh,ecoinvent37,"market for electricity, low voltage, US-SERC",ecoinvent 3.7 cut-off,,LCA-FCDI_D01_Reference_TRACIFactorsEcoinvent37_v01.csv|LCA-FCDI_D04_Reference_ElectrocultivationInventory_v01.csv|LCA-FCDI_D04_Reference_ForegroundProcesses_v01.csv,,input of the Membrane foreground process; power of every unit operation (lca._system_inventory)
flat pallet,technosphere_input,item(s),ecoinvent37,"market for EUR-flat pallet, RoW",ecoinvent 3.7 cut-off,,LCA-FCDI_D01_Reference_TRACIFactorsEcoinvent37_v01.csv|LCA-FCDI_D04_Reference_ForegroundProcesses_v01.csv,,input of the Membrane foreground process
granular activated carbon,technosphere_input,kg,ecoinvent37,"market for activated carbon, granular, GLO",ecoinvent 3.7 cut-off,,LCA-FCDI_D01_Reference_TRACIFactorsEcoinvent37_v01.csv,,GAC feed of the cultivation reactor (lca._biogac_inventory)
graphite electrode,technosphere_input,kg,ecoinvent37,"inputs_v1: market for graphite, GLO; metafile_corrected: market for anode, graphite, for lithium-ion battery, GLO",ecoinvent 3.7 cut-off,,LCA-FCDI_D01_Reference_TRACIFactorsEcoinvent37_v01.csv,,"2 LCI datasets (inputs_v1, metafile_corrected); the scenario chooses with lca_dataset_overrides; quantity from reactor sizing (lca._system_inventory, lca._biogac_inventory)"
heavy fuel oil,technosphere_input,MJ,ecoinvent37,"heat production, heavy fuel oil, at industrial furnace 1MW, RoW",ecoinvent 3.7 cut-off,,LCA-FCDI_D01_Reference_TRACIFactorsEcoinvent37_v01.csv|LCA-FCDI_D04_Reference_ForegroundProcesses_v01.csv,,input of the Membrane foreground process
lubricating oil,technosphere_input,kg,ecoinvent37,"market for lubricating oil, RoW",ecoinvent 3.7 cut-off,,LCA-FCDI_D01_Reference_TRACIFactorsEcoinvent37_v01.csv|LCA-FCDI_D04_Reference_ForegroundProcesses_v01.csv,,input of the Membrane foreground process
municipal solid waste,waste_treatment,kg,ecoinvent37,"treatment of municipal solid waste, incineration, RoW",ecoinvent 3.7 cut-off,,LCA-FCDI_D01_Reference_TRACIFactorsEcoinvent37_v01.csv|LCA-FCDI_D04_Reference_ForegroundProcesses_v01.csv,,input of the Membrane foreground process
natural gas,technosphere_input,MJ,ecoinvent37,"heat production, natural gas, at industrial furnace >100kW, RoW",ecoinvent 3.7 cut-off,,LCA-FCDI_D01_Reference_TRACIFactorsEcoinvent37_v01.csv|LCA-FCDI_D04_Reference_ForegroundProcesses_v01.csv,,input of the Membrane foreground process
particleboard,technosphere_input,m3,ecoinvent37,"market for particleboard, uncoated, RoW",ecoinvent 3.7 cut-off,,LCA-FCDI_D01_Reference_TRACIFactorsEcoinvent37_v01.csv|LCA-FCDI_D04_Reference_ForegroundProcesses_v01.csv,,input of the Membrane foreground process
phosphoric acid,technosphere_input,kg,ecoinvent37,"market for phosphoric acid, industrial grade, without water, in 85% solution state, GLO",ecoinvent 3.7 cut-off,,LCA-FCDI_D01_Reference_TRACIFactorsEcoinvent37_v01.csv|LCA-FCDI_D04_Reference_ElectrocultivationInventory_v01.csv,,"cultivation reagent, chemical key H3PO4 (lca._biogac_inventory)"
polyethylene,technosphere_input,kg,ecoinvent37,"market for polyethylene, low density, granulate, GLO",ecoinvent 3.7 cut-off,,LCA-FCDI_D01_Reference_TRACIFactorsEcoinvent37_v01.csv|LCA-FCDI_D04_Reference_ForegroundProcesses_v01.csv,,input of the Membrane foreground process
polymethyl methacrylate,technosphere_input,kg,ecoinvent37,"market for polymethyl methacrylate, sheet, GLO",ecoinvent 3.7 cut-off,,LCA-FCDI_D01_Reference_TRACIFactorsEcoinvent37_v01.csv,,FCDI-BES housing mass (lca._system_inventory)
polypropylene,technosphere_input,kg,ecoinvent37,"market for polypropylene, granulate, GLO",ecoinvent 3.7 cut-off,,LCA-FCDI_D01_Reference_TRACIFactorsEcoinvent37_v01.csv,,cultivation reactor PP shell mass (lca._biogac_inventory)
selenium,technosphere_input,kg,ecoinvent37,"inputs_v1: processing of anode slime from electrorefining of copper, anode, GLO; metafile_corrected: market for selenium, GLO",ecoinvent 3.7 cut-off,,LCA-FCDI_D01_Reference_TRACIFactorsEcoinvent37_v01.csv,,"2 LCI datasets (inputs_v1, metafile_corrected); the scenario chooses with lca_dataset_overrides; recovered selenium credited with sign -1 (lca._system_inventory); priced as 'Selenium' in the prices table"
sodium bicarbonate,technosphere_input,kg,ecoinvent37,"market for sodium bicarbonate, GLO",ecoinvent 3.7 cut-off,,LCA-FCDI_D01_Reference_TRACIFactorsEcoinvent37_v01.csv,,"cultivation reagent, chemical key NaHCO3 (lca._biogac_inventory)"
sodium dihydrogen phosphate,technosphere_input,kg,ecoinvent37,"market for sodium phosphate, RoW",ecoinvent 3.7 cut-off,,LCA-FCDI_D01_Reference_TRACIFactorsEcoinvent37_v01.csv,,proxy: lca._biogac_inventory characterises Na2HPO4 with this flow
sodium hydroxide,technosphere_input,kg,ecoinvent37,"market for sodium hydroxide, without water, in 50% solution state, GLO",ecoinvent 3.7 cut-off,,LCA-FCDI_D01_Reference_TRACIFactorsEcoinvent37_v01.csv|LCA-FCDI_D04_Reference_ForegroundProcesses_v01.csv,,input of the Sodium Acetate foreground process; in the electrocultivation inventory it is priced only (price key NaOH)
sodium sulfate,technosphere_input,kg,ecoinvent37,"market for sodium sulfate, anhydrite, RoW",ecoinvent 3.7 cut-off,,LCA-FCDI_D01_Reference_TRACIFactorsEcoinvent37_v01.csv,,slurry-mixer dose (lca._system_inventory)
steel,technosphere_input,kg,ecoinvent37,"market for steel, low-alloyed, GLO",ecoinvent 3.7 cut-off,,LCA-FCDI_D01_Reference_TRACIFactorsEcoinvent37_v01.csv|LCA-FCDI_D04_Reference_ForegroundProcesses_v01.csv,,input of the Membrane foreground process
transport,technosphere_input,t.km,ecoinvent37,"market for transport, freight, lorry 7.5-16 metric ton, EURO1, ZA",ecoinvent 3.7 cut-off,,LCA-FCDI_D01_Reference_TRACIFactorsEcoinvent37_v01.csv|LCA-FCDI_D04_Reference_ForegroundProcesses_v01.csv,,input of the Membrane foreground process
ultrapure water,technosphere_input,kg,ecoinvent37,"market for water, ultrapure, RoW",ecoinvent 3.7 cut-off,,LCA-FCDI_D01_Reference_TRACIFactorsEcoinvent37_v01.csv,,proxy: lca._biogac_inventory characterises DI water with this flow
wastewater,waste_treatment,m3,ecoinvent37,"treatment of wastewater, from residence, capacity 1.1E10l/year, RoW",ecoinvent 3.7 cut-off,,LCA-FCDI_D01_Reference_TRACIFactorsEcoinvent37_v01.csv|LCA-FCDI_D04_Reference_ForegroundProcesses_v01.csv,,input of the Sodium Acetate foreground process; cultivation wastewater (lca._biogac_inventory)
water,technosphere_input,kg,ecoinvent37,"market group for tap water, GLO",ecoinvent 3.7 cut-off,,LCA-FCDI_D01_Reference_TRACIFactorsEcoinvent37_v01.csv|LCA-FCDI_D04_Reference_ForegroundProcesses_v01.csv,,input of the Membrane foreground process
membrane,technosphere_input,kg,custom_lci,,,,LCA-FCDI_D04_Reference_ForegroundProcesses_v01.csv,,built by lca.solve from the Membrane process of the foreground-processes table
sodium acetate,technosphere_input,kg,custom_lci,,,,LCA-FCDI_D04_Reference_ForegroundProcesses_v01.csv,,built by lca.solve from the Sodium Acetate process of the foreground-processes table
BioGAC,technosphere_input,kg,computed,,,,,,built at run time by lca._biogac_inventory (cultivation inputs per kg of biofilm-coated GAC) and depends on the membrane process
DI water,technosphere_input,kg,ecoinvent37,,,,LCA-FCDI_D02_Reference_Prices_v01.csv|LCA-FCDI_D04_Reference_ElectrocultivationInventory_v01.csv,ultrapure water,proxy (lca._biogac_inventory): characterised with the ultrapure water factors
Na2HPO4,technosphere_input,kg,ecoinvent37,,,,LCA-FCDI_D02_Reference_Prices_v01.csv|LCA-FCDI_D04_Reference_ElectrocultivationInventory_v01.csv,sodium dihydrogen phosphate,proxy (lca._biogac_inventory): characterised with the sodium dihydrogen phosphate factors
NaHCO3,technosphere_input,kg,ecoinvent37,,,,LCA-FCDI_D02_Reference_Prices_v01.csv,sodium bicarbonate,formula spelling: price key and chemical key for sodium bicarbonate
Sodium bicarbonate,technosphere_input,kg,ecoinvent37,,,,LCA-FCDI_D04_Reference_ElectrocultivationInventory_v01.csv,sodium bicarbonate,spelling in the electrocultivation inventory (kg reagent); the solution made from it is 'Sodium Bicarbonate' (L)
H3PO4,technosphere_input,kg,ecoinvent37,,,,LCA-FCDI_D02_Reference_Prices_v01.csv,phosphoric acid,formula spelling: price key and chemical key for phosphoric acid
CH3COOH,technosphere_input,kg,ecoinvent37,,,,LCA-FCDI_D02_Reference_Prices_v01.csv,acetic acid,"formula spelling: price key for acetic acid; priced in the cultivation reactor, characterised only inside the Sodium Acetate foreground process"
NaOH,technosphere_input,kg,ecoinvent37,,,,LCA-FCDI_D02_Reference_Prices_v01.csv,sodium hydroxide,"formula spelling: price key for sodium hydroxide; priced in the cultivation reactor, characterised only inside the Sodium Acetate foreground process"
Sodium Hydroxide,technosphere_input,kg,ecoinvent37,,,,LCA-FCDI_D04_Reference_ElectrocultivationInventory_v01.csv,sodium hydroxide,"spelling in the electrocultivation inventory; priced in the cultivation reactor, characterised only inside the Sodium Acetate foreground process"
Na2SO4,technosphere_input,kg,ecoinvent37,,,,LCA-FCDI_D02_Reference_Prices_v01.csv,sodium sulfate,formula spelling: price key for the slurry-mixer sodium sulfate
CH3COONa,technosphere_input,kg,custom_lci,,,,LCA-FCDI_D02_Reference_Prices_v01.csv,sodium acetate,formula spelling: price key for the slurry-mixer sodium acetate
Selenium,product,kg,ecoinvent37,,,,LCA-FCDI_D02_Reference_Prices_v01.csv,selenium,price of the recovered selenium product (revenue); characterised through 'selenium' as an avoided-burden credit
Electricity,technosphere_input,kWh,ecoinvent37,,,,LCA-FCDI_D04_Reference_ElectrocultivationInventory_v01.csv,electricity,spelling in the electrocultivation inventory
Electricity Price,technosphere_input,kWh,ecoinvent37,,,,LCA-FCDI_D02_Reference_Prices_v01.csv,electricity,"label of the electricity price row of the prices table, not a separate flow"
Granular activated carbon,technosphere_input,kg,ecoinvent37,,,,LCA-FCDI_D04_Reference_ElectrocultivationInventory_v01.csv,granular activated carbon,spelling in the electrocultivation inventory
Wastewater,waste_treatment,L,ecoinvent37,,,,LCA-FCDI_D04_Reference_ElectrocultivationInventory_v01.csv,wastewater,"spelling in the electrocultivation inventory; quantity in L there, converted to m3 before characterisation"
Biofilm coated GAC,technosphere_input,kg,computed,,,,LCA-FCDI_D04_Reference_ElectrocultivationInventory_v01.csv,BioGAC,output of the Electrocultivation group; the run-time BioGAC flow
Membrane,technosphere_input,kg,custom_lci,,,,LCA-FCDI_D04_Reference_ForegroundProcesses_v01.csv,membrane,output row of the Membrane process of the foreground-processes table
potassium hydroxide,technosphere_input,kg,none,,,,LCA-FCDI_D04_Reference_ElectrocultivationInventory_v01.csv,,priced but not characterised in the source model
KOH,technosphere_input,kg,none,,,,LCA-FCDI_D02_Reference_Prices_v01.csv,potassium hydroxide,priced but not characterised in the source model
NH4Cl,technosphere_input,kg,none,,,,LCA-FCDI_D02_Reference_Prices_v01.csv|LCA-FCDI_D04_Reference_ElectrocultivationInventory_v01.csv,,priced but not characterised in the source model
KCl,technosphere_input,kg,none,,,,LCA-FCDI_D02_Reference_Prices_v01.csv|LCA-FCDI_D04_Reference_ElectrocultivationInventory_v01.csv,,priced but not characterised in the source model
MgSO4,technosphere_input,kg,none,,,,LCA-FCDI_D02_Reference_Prices_v01.csv|LCA-FCDI_D04_Reference_ElectrocultivationInventory_v01.csv,,priced but not characterised in the source model
NTA,technosphere_input,kg,none,,,,LCA-FCDI_D02_Reference_Prices_v01.csv|LCA-FCDI_D04_Reference_ElectrocultivationInventory_v01.csv,,priced but not characterised in the source model
NaCl,technosphere_input,kg,none,,,,LCA-FCDI_D02_Reference_Prices_v01.csv|LCA-FCDI_D04_Reference_ElectrocultivationInventory_v01.csv,,priced but not characterised in the source model
MnSO4·H2O,technosphere_input,kg,none,,,,LCA-FCDI_D02_Reference_Prices_v01.csv|LCA-FCDI_D04_Reference_ElectrocultivationInventory_v01.csv,,priced but not characterised in the source model
FeSO4·7H2O,technosphere_input,kg,none,,,,LCA-FCDI_D02_Reference_Prices_v01.csv|LCA-FCDI_D04_Reference_ElectrocultivationInventory_v01.csv,,priced but not characterised in the source model
CaCl2·2H2O,technosphere_input,kg,none,,,,LCA-FCDI_D02_Reference_Prices_v01.csv|LCA-FCDI_D04_Reference_ElectrocultivationInventory_v01.csv,,priced but not characterised in the source model
CoCl2·6H2O,technosphere_input,kg,none,,,,LCA-FCDI_D02_Reference_Prices_v01.csv|LCA-FCDI_D04_Reference_ElectrocultivationInventory_v01.csv,,priced but not characterised in the source model
KH2PO4·H2O,product,kg,none,,,,LCA-FCDI_D04_Reference_ElectrocultivationInventory_v01.csv,,made on site from phosphoric acid and potassium hydroxide; deliberately not priced (double counting) and not characterised
Sludge,technosphere_input,L,none,,,,LCA-FCDI_D04_Reference_ElectrocultivationInventory_v01.csv,,row of the Anode Solution inventory that the model does not read; neither priced nor characterised
Cultivation Reactor,technosphere_input,item,none,,,,LCA-FCDI_D04_Reference_ElectrocultivationInventory_v01.csv,,equipment item row of the Electrocultivation inventory that the model does not read; neither priced nor characterised
Anode Solution,product,L,none,,,,LCA-FCDI_D04_Reference_ElectrocultivationInventory_v01.csv,,"intermediate solution prepared on site; expanded to its reagents in unitops (CultivationReactor.solve), not priced or characterised as such"
Cathode Solution,product,L,none,,,,LCA-FCDI_D04_Reference_ElectrocultivationInventory_v01.csv,,"intermediate solution prepared on site; expanded to its reagents in unitops (CultivationReactor.solve), not priced or characterised as such"
PBS,product,L,none,,,,LCA-FCDI_D04_Reference_ElectrocultivationInventory_v01.csv,,"intermediate solution prepared on site; expanded to its reagents in unitops (CultivationReactor.solve), not priced or characterised as such"
PBS Solution,product,L,none,,,,LCA-FCDI_D04_Reference_ElectrocultivationInventory_v01.csv,,"intermediate solution prepared on site; expanded to its reagents in unitops (CultivationReactor.solve), not priced or characterised as such"
Mineral Solution,product,L,none,,,,LCA-FCDI_D04_Reference_ElectrocultivationInventory_v01.csv,,"intermediate solution prepared on site; expanded to its reagents in unitops (CultivationReactor.solve), not priced or characterised as such"
Sodium Acetate,product,L,none,,,,LCA-FCDI_D04_Reference_ElectrocultivationInventory_v01.csv,,"acetate solution component of the Anode Solution (L, not the foreground kg of 'sodium acetate'); intermediate solution prepared on site; expanded to its reagents in unitops (CultivationReactor.solve), not priced or characterised as such"
Acetate Solution,product,L,none,,,,LCA-FCDI_D04_Reference_ElectrocultivationInventory_v01.csv,,"intermediate solution prepared on site; expanded to its reagents in unitops (CultivationReactor.solve), not priced or characterised as such"
Sodium Bicarbonate,product,L,none,,,,LCA-FCDI_D04_Reference_ElectrocultivationInventory_v01.csv,,"intermediate solution prepared on site; expanded to its reagents in unitops (CultivationReactor.solve), not priced or characterised as such"
Sodium Bicarbonate Solution,product,L,none,,,,LCA-FCDI_D04_Reference_ElectrocultivationInventory_v01.csv,,"intermediate solution prepared on site; expanded to its reagents in unitops (CultivationReactor.solve), not priced or characterised as such"
