process,flow,amount,unit,source,source_locator,value_type,note
Membrane,cationic resin,0.7,kg,FCDI-BES inputs (1).xlsx,sheet 'Foreground Processes',,
Membrane,electricity,0.5083333333333333,kWh,FCDI-BES inputs (1).xlsx,sheet 'Foreground Processes',,
Membrane,flat pallet,0.0011299999999999999,item(s),FCDI-BES inputs (1).xlsx,sheet 'Foreground Processes',,
Membrane,natural gas,0.121,MJ,FCDI-BES inputs (1).xlsx,sheet 'Foreground Processes',,
Membrane,heavy fuel oil,0.68300000000000005,MJ,FCDI-BES inputs (1).xlsx,sheet 'Foreground Processes',,
Membrane,lubricating oil,0.00013999999999999999,kg,FCDI-BES inputs (1).xlsx,sheet 'Foreground Processes',,
Membrane,particleboard,0.0000013200000000000001,m3,FCDI-BES inputs (1).xlsx,sheet 'Foreground Processes',,
Membrane,polyethylene,0.3,kg,FCDI-BES inputs (1).xlsx,sheet 'Foreground Processes',,
Membrane,steel,0.0011999999999999999,kg,FCDI-BES inputs (1).xlsx,sheet 'Foreground Processes',,
Membrane,water,19.7,kg,FCDI-BES inputs (1).xlsx,sheet 'Foreground Processes',,
Membrane,transport,0.0135,t.km,FCDI-BES inputs (1).xlsx,sheet 'Foreground Processes',,
Membrane,municipal solid waste,0.00134,kg,FCDI-BES inputs (1).xlsx,sheet 'Foreground Processes',,
Membrane,Membrane,1,kg,FCDI-BES inputs (1).xlsx,sheet 'Foreground Processes',,
Sodium Acetate,acetic acid,0.73170731707317072,kg,FCDI-BES inputs (1).xlsx,sheet 'Foreground Processes',,
Sodium Acetate,sodium hydroxide,0.48780487804878048,kg,FCDI-BES inputs (1).xlsx,sheet 'Foreground Processes',,
Sodium Acetate,wastewater,0.0002195121951219512,m3,FCDI-BES inputs (1).xlsx,sheet 'Foreground Processes',,
Sodium Acetate,sodium acetate,1,kg,FCDI-BES inputs (1).xlsx,sheet 'Foreground Processes',,
